,pdb_chains,num_chain,biounit_chain,chain.mut,folds,ddG,PABbind,fold
0,1AK4_AD,2,AD,D.A488G,4,2.49,-0.632027745,1
1,1AK4_AD,2,AD,D.A488V,4,0.6,1.424849749,1
2,1AK4_AD,2,AD,D.A492G,4,0.41,0.873350501,1
3,1AK4_AD,2,AD,D.A492V,4,0.19,-0.286859363,1
4,1AK4_AD,2,AD,D.G489A,4,1.91,1.212685585,1
5,1AK4_AD,2,AD,D.G489V,4,2.86,1.901065469,1
6,1AK4_AD,2,AD,D.H487A,4,0.84,1.060256004,1
7,1AK4_AD,2,AD,D.H487Q,4,0.8,0.065602817,1
8,1AK4_AD,2,AD,D.H487R,4,1.48,1.907860637,1
9,1AK4_AD,2,AD,D.I491A,4,0.07,1.05419004,1
10,1AK4_AD,2,AD,D.I491V,4,-0.17,0.286737204,1
11,1AK4_AD,2,AD,D.P485A,4,0.92,2.066963196,1
12,1AK4_AD,2,AD,D.P490A,4,2,0.843714416,1
13,1AK4_AD,2,AD,D.P490V,4,2.86,0.293206602,1
14,1AK4_AD,2,AD,D.P493A,4,0.51,1.600832939,1
15,1AK4_AD,2,AD,D.V486A,4,0.82,1.174730539,1
16,1BJ1_HLVW,4,HLVW,V.F17A,4,0,0.79439044,1
17,1BJ1_HLVW,4,HLVW,V.Y21A,4,0,0.965742052,1
18,1BJ1_HLVW,4,HLVW,W.E93A,4,0.82,0.49198401,1
19,1BJ1_HLVW,4,HLVW,W.G88A,4,2.76,1.224988937,1
20,1BJ1_HLVW,4,HLVW,W.G92A,4,3.69,2.901845694,1
21,1BJ1_HLVW,4,HLVW,W.H86A,4,0,0.995325446,1
22,1BJ1_HLVW,4,HLVW,W.H90A,4,0,0.425837457,1
23,1BJ1_HLVW,4,HLVW,W.I80A,4,0.82,0.887416422,1
24,1BJ1_HLVW,4,HLVW,W.I83A,4,3.69,3.852403879,1
25,1BJ1_HLVW,4,HLVW,W.I91A,4,0.41,0.405994594,1
26,1BJ1_HLVW,4,HLVW,W.K48A,4,0.41,0.841315031,1
27,1BJ1_HLVW,4,HLVW,W.K84A,4,0.65,0.45110184,1
28,1BJ1_HLVW,4,HLVW,W.M81A,4,3.69,2.71854496,1
29,1BJ1_HLVW,4,HLVW,W.M94A,4,1.42,0.65880549,1
30,1BJ1_HLVW,4,HLVW,W.Q79A,4,0,0.061672181,1
31,1BJ1_HLVW,4,HLVW,W.Q87A,4,0,1.194241166,1
32,1BJ1_HLVW,4,HLVW,W.Q89A,4,1.75,1.226074338,1
33,1BJ1_HLVW,4,HLVW,W.R82A,4,3.69,0.847124636,1
34,1BJ1_HLVW,4,HLVW,W.Y45A,4,0.82,0.40868029,1
35,1CZ8_HLVW,4,HLVW,V.F17A,4,0,0.494404793,1
36,1CZ8_HLVW,4,HLVW,V.Y21A,4,0,2.3309834,1
37,1CZ8_HLVW,4,HLVW,W.E93A,4,1.15,0.938113213,1
38,1CZ8_HLVW,4,HLVW,W.G88A,4,2.67,3.330508232,1
39,1CZ8_HLVW,4,HLVW,W.G92A,4,4.1,1.584058404,1
40,1CZ8_HLVW,4,HLVW,W.H86A,4,0,0.546642601,1
41,1CZ8_HLVW,4,HLVW,W.H90A,4,0,-0.226972103,1
42,1CZ8_HLVW,4,HLVW,W.I80A,4,0.95,0.94558394,1
43,1CZ8_HLVW,4,HLVW,W.I83A,4,1.3,1.813440442,1
44,1CZ8_HLVW,4,HLVW,W.I91A,4,1.06,0.605885208,1
45,1CZ8_HLVW,4,HLVW,W.K48A,4,0,-0.877448678,1
46,1CZ8_HLVW,4,HLVW,W.K84A,4,1.36,0.282512486,1
47,1CZ8_HLVW,4,HLVW,W.M81A,4,4.1,1.970510125,1
48,1CZ8_HLVW,4,HLVW,W.M94A,4,1.91,-1.462429285,1
49,1CZ8_HLVW,4,HLVW,W.Q79A,4,0.65,0.510248303,1
50,1CZ8_HLVW,4,HLVW,W.Q87A,4,0,0.652332842,1
51,1CZ8_HLVW,4,HLVW,W.Q89A,4,1.06,-0.041522469,1
52,1CZ8_HLVW,4,HLVW,W.R82A,4,0.82,0.840336978,1
53,1CZ8_HLVW,4,HLVW,W.Y45A,4,1.94,2.686297655,1
54,1DQJ_CHL,3,CHL,C.D101A,1,1.3,0.574926794,2
55,1DQJ_CHL,3,CHL,C.K96A,1,6.1,4.890134335,2
56,1DQJ_CHL,3,CHL,C.K97A,1,3.5,4.595047474,2
57,1DQJ_CHL,3,CHL,C.L75A,1,1.5,2.048545599,2
58,1DQJ_CHL,3,CHL,C.N93A,1,0.6,2.055691242,2
59,1DQJ_CHL,3,CHL,C.R21A,1,1.3,0.412147284,2
60,1DQJ_CHL,3,CHL,C.S100A,1,0.8,0.847340643,2
61,1DQJ_CHL,3,CHL,C.T89A,1,0.8,0.847978354,2
62,1DQJ_CHL,3,CHL,C.W62A,1,0.8,0.722043276,2
63,1DQJ_CHL,3,CHL,C.W63A,1,1.3,3.09084034,2
64,1DQJ_CHL,3,CHL,C.Y20A,1,3.3,2.680428028,2
65,1DQJ_CHL,3,CHL,H.D32A,1,2,3.112761736,2
66,1DQJ_CHL,3,CHL,H.W98A,1,4.9,3.064494848,2
67,1DQJ_CHL,3,CHL,H.Y33A,1,5.5,2.972296715,2
68,1DQJ_CHL,3,CHL,H.Y50A,1,6.9,4.967393398,2
69,1DQJ_CHL,3,CHL,H.Y53A,1,1.2,1.686389923,2
70,1DQJ_CHL,3,CHL,L.N31A,1,2,1.746670604,2
71,1DQJ_CHL,3,CHL,L.N32A,1,4.1,2.324516296,2
72,1DQJ_CHL,3,CHL,L.S91A,1,1.4,0.595012844,2
73,1DQJ_CHL,3,CHL,L.Y50A,1,2.7,1.509835482,2
74,1DQJ_CHL,3,CHL,L.Y96A,1,1.1,1.878426909,2
75,1DVF_ABCD,4,ABCD,A.H30A,1,1.67,0.847046316,2
76,1DVF_ABCD,4,ABCD,A.S93A,1,1.17,3.607521057,2
77,1DVF_ABCD,4,ABCD,A.W92A,1,0.34,-0.042282131,2
78,1DVF_ABCD,4,ABCD,A.Y32A,1,2.05,1.102040052,2
79,1DVF_ABCD,4,ABCD,A.Y49A,1,1.64,0.946474969,2
80,1DVF_ABCD,4,ABCD,A.Y49A,1,1.75,0.637648761,2
81,1DVF_ABCD,4,ABCD,A.Y50A,1,0.69,1.459452271,2
82,1DVF_ABCD,4,ABCD,B.D100A,1,2.82,1.577777743,2
83,1DVF_ABCD,4,ABCD,B.D54A,1,4.32,3.477348804,2
84,1DVF_ABCD,4,ABCD,B.D58A,1,1.62,2.615211964,2
85,1DVF_ABCD,4,ABCD,B.E98A,1,4.23,1.989865661,2
86,1DVF_ABCD,4,ABCD,B.N56A,1,1.17,1.037468791,2
87,1DVF_ABCD,4,ABCD,B.R99A,1,1.89,0.922561169,2
88,1DVF_ABCD,4,ABCD,B.T30A,1,0.92,1.085877657,2
89,1DVF_ABCD,4,ABCD,B.W52A,1,4.17,2.847685337,2
90,1DVF_ABCD,4,ABCD,B.Y101F,1,2.03,0.736588061,2
91,1DVF_ABCD,4,ABCD,B.Y32A,1,1.85,1.315738559,2
92,1DVF_ABCD,4,ABCD,C.Y49A,1,1.88,3.109687328,2
93,1DVF_ABCD,4,ABCD,D.D52A,1,1.7,0.672976315,2
94,1DVF_ABCD,4,ABCD,D.H33A,1,1.88,1.269269347,2
95,1DVF_ABCD,4,ABCD,D.I101A,1,2.71,1.85719955,2
96,1DVF_ABCD,4,ABCD,D.K30A,1,1.01,0.528848648,2
97,1DVF_ABCD,4,ABCD,D.N55A,1,1.88,1.228621602,2
98,1DVF_ABCD,4,ABCD,D.Q104A,1,1.64,1.3858639,2
99,1DVF_ABCD,4,ABCD,D.R106A,1,4.13,1.94154644,2
100,1DVF_ABCD,4,ABCD,D.Y102A,1,4.79,1.787448883,2
101,1FFW_AB,2,AB,A.A90V,4,0.09,0.28877762,2
102,1FFW_AB,2,AB,A.D13K,4,0.05,0.989603817,2
103,1FFW_AB,2,AB,A.E117K,4,0.71,0.726983368,2
104,1FFW_AB,2,AB,A.E93K,4,0.82,0.819611788,2
105,1FFW_AB,2,AB,A.F111V,4,1.26,1.510022759,2
106,1FFW_AB,2,AB,A.T112I,4,0.56,0.482578218,2
107,1FFW_AB,2,AB,A.T87I,4,-0.32,0.775393963,2
108,1FFW_AB,2,AB,A.V108M,4,1.13,0.998028934,2
109,1FFW_AB,2,AB,A.Y106W,4,0.71,1.027891994,2
110,1JRH_HLI,3,HIL,I.E45Q,1,0.11,-0.190827295,2
111,1JRH_HLI,3,HIL,I.T14V,1,-0.02,0.896913052,2
112,1JTG_AB,2,AB,A.K234A,4,0.82,1.651599765,2
113,1JTG_AB,2,AB,A.R243A,4,0.56,0.870843232,2
114,1JTG_AB,2,AB,A.S130A,4,0.5,0.665567935,2
115,1JTG_AB,2,AB,A.S235A,4,1.32,0.566751778,2
116,1JTG_AB,2,AB,B.D49A,4,1.98,0.533363402,2
117,1KTZ_AB,2,AB,B.D118A,2,0.9,0.805681229,3
118,1KTZ_AB,2,AB,B.D32A,2,1.4,1.726292729,3
119,1KTZ_AB,2,AB,B.D32N,2,1.7,1.71622026,3
120,1KTZ_AB,2,AB,B.E119A,2,1.4,2.40314889,3
121,1KTZ_AB,2,AB,B.E119Q,2,1.7,0.403490901,3
122,1KTZ_AB,2,AB,B.E55A,2,1.3,1.349874854,3
123,1KTZ_AB,2,AB,B.E75A,2,1,0.751642287,3
124,1KTZ_AB,2,AB,B.F110A,2,0.9,1.302293301,3
125,1KTZ_AB,2,AB,B.F30A,2,2.9,0.922867119,3
126,1KTZ_AB,2,AB,B.H79A,2,0.4,0.897875965,3
127,1KTZ_AB,2,AB,B.I125A,2,0.5,1.135547161,3
128,1KTZ_AB,2,AB,B.I50A,2,1.9,0.459393948,3
129,1KTZ_AB,2,AB,B.I53A,2,1.2,3.836996317,3
130,1KTZ_AB,2,AB,B.L27A,2,1.9,0.742521226,3
131,1KTZ_AB,2,AB,B.M112A,2,0.8,0.840883613,3
132,1KTZ_AB,2,AB,B.N47A,2,0.3,0.161111578,3
133,1KTZ_AB,2,AB,B.S49A,2,0.5,1.037989378,3
134,1KTZ_AB,2,AB,B.S52A,2,0.4,0.754841149,3
135,1KTZ_AB,2,AB,B.S52L,2,3.7,3.407991409,3
136,1KTZ_AB,2,AB,B.T51A,2,1.3,0.428200573,3
137,1KTZ_AB,2,AB,B.V62A,2,0.7,0.475349844,3
138,1KTZ_AB,2,AB,B.V77A,2,0.5,0.276950657,3
139,1MHP_AHL,3,AHL,H.F99W,5,0,-0.101131529,3
140,1MHP_AHL,3,AHL,H.F99Y,5,0.76,0.460277587,3
141,1MHP_AHL,3,AHL,H.G100F,5,0.57,0.974402368,3
142,1MHP_AHL,3,AHL,H.G100I,5,8,1.188181639,3
143,1MHP_AHL,3,AHL,H.G100L,5,2.73,2.497202158,3
144,1MHP_AHL,3,AHL,H.G100M,5,0.1,3.190618038,3
145,1MHP_AHL,3,AHL,H.G100S,5,0.56,0.117595732,3
146,1MHP_AHL,3,AHL,H.G100V,5,8,7.197110176,3
147,1MHP_AHL,3,AHL,H.G102S,5,8,2.677278042,3
148,1MHP_AHL,3,AHL,H.G53A,5,0.51,4.648063183,3
149,1MHP_AHL,3,AHL,H.G53N,5,1.26,0.940402806,3
150,1MHP_AHL,3,AHL,H.G53Q,5,8,1.997691035,3
151,1MHP_AHL,3,AHL,H.G53S,5,0.68,1.398167014,3
152,1MHP_AHL,3,AHL,H.G53W,5,8,0.081822939,3
153,1MHP_AHL,3,AHL,H.G54I,5,1.36,1.230460882,3
154,1MHP_AHL,3,AHL,H.G54M,5,8,7.252767086,3
155,1MHP_AHL,3,AHL,H.G54N,5,8,2.049485683,3
156,1MHP_AHL,3,AHL,H.G54T,5,1.17,1.18974483,3
157,1MHP_AHL,3,AHL,H.G54Y,5,0,0.208007544,3
158,1MHP_AHL,3,AHL,H.H56Y,5,8,6.931314468,3
159,1MHP_AHL,3,AHL,H.K64D,5,-0.12,-0.301920354,3
160,1MHP_AHL,3,AHL,H.K64E,5,-0.16,0.412765354,3
161,1MHP_AHL,3,AHL,H.K64N,5,-0.07,0.842289567,3
162,1MHP_AHL,3,AHL,H.K64Q,5,-0.16,0.990059078,3
163,1MHP_AHL,3,AHL,H.L60D,5,-0.12,0.178751618,3
164,1MHP_AHL,3,AHL,H.R31Q,5,1.31,0.834694922,3
165,1MHP_AHL,3,AHL,H.S35A,5,1.58,1.569943786,3
166,1MHP_AHL,3,AHL,H.S35Q,5,2.73,-0.774836063,3
167,1MHP_AHL,3,AHL,H.S35V,5,8,6.154367447,3
168,1MHP_AHL,3,AHL,H.S52M,5,2.08,2.781587362,3
169,1MHP_AHL,3,AHL,H.S52T,5,8,1.463446259,3
170,1MHP_AHL,3,AHL,H.T33N,5,2.73,1.293405414,3
171,1MHP_AHL,3,AHL,H.T33Q,5,8,8.15908432,3
172,1MHP_AHL,3,AHL,H.T33V,5,0.43,1.55301106,3
173,1MHP_AHL,3,AHL,H.T50E,5,8,3.604859591,3
174,1MHP_AHL,3,AHL,H.T50Q,5,8,1.45298183,3
175,1MHP_AHL,3,AHL,H.T50V,5,-0.26,0.732225478,3
176,1MHP_AHL,3,AHL,H.Y58E,5,2.08,1.925685167,3
177,1MHP_AHL,3,AHL,H.Y58Q,5,2.08,0.579033077,3
178,1MHP_AHL,3,AHL,H.Y58W,5,0.82,0.610606432,3
179,1MHP_AHL,3,AHL,H.Y59E,5,0.54,0.514437735,3
180,1MHP_AHL,3,AHL,L.G92Q,5,1.58,1.543896198,3
181,1MHP_AHL,3,AHL,L.G92S,5,0.51,1.236545205,3
182,1MHP_AHL,3,AHL,L.H31K,5,1.17,1.671144128,3
183,1MHP_AHL,3,AHL,L.H31R,5,1.12,2.807317019,3
184,1MHP_AHL,3,AHL,L.H31W,5,1.26,0.81040591,3
185,1MHP_AHL,3,AHL,L.L49F,5,0.71,1.651492357,3
186,1MHP_AHL,3,AHL,L.L49K,5,0.93,0.431509614,3
187,1MHP_AHL,3,AHL,L.L49W,5,1.91,0.911301315,3
188,1MHP_AHL,3,AHL,L.L49Y,5,8,3.869968891,3
189,1MHP_AHL,3,AHL,L.N30K,5,8,7.652629375,3
190,1MHP_AHL,3,AHL,L.N30V,5,1.05,2.234172106,3
191,1MHP_AHL,3,AHL,L.N30W,5,1.58,1.667665005,3
192,1MHP_AHL,3,AHL,L.N30Y,5,1.91,2.408102036,3
193,1MHP_AHL,3,AHL,L.N52D,5,0.5,0.370086193,3
194,1MHP_AHL,3,AHL,L.N52E,5,-0.18,1.041547418,3
195,1MHP_AHL,3,AHL,L.N52K,5,0.66,1.201287031,3
196,1MHP_AHL,3,AHL,L.N52R,5,0.85,0.836152434,3
197,1MHP_AHL,3,AHL,L.N52Y,5,-0.1,0.407744646,3
198,1MHP_AHL,3,AHL,L.N93D,5,8,6.134910107,3
199,1MHP_AHL,3,AHL,L.S24R,5,-0.07,0.612390876,3
200,1MHP_AHL,3,AHL,L.S28Q,5,-0.67,-0.304865658,3
201,1MHP_AHL,3,AHL,L.S91K,5,8,7.841703892,3
202,1MHP_AHL,3,AHL,L.S91Q,5,1.78,1.721039534,3
203,1MHP_AHL,3,AHL,L.S91R,5,2.73,4.637175083,3
204,1MHP_AHL,3,AHL,L.S91T,5,2.32,0.805624187,3
205,1MHP_AHL,3,AHL,L.S91W,5,8,3.870033264,3
206,1MHP_AHL,3,AHL,L.W90Q,5,2.08,3.968826056,3
207,1MLC_EHL,3,EHL,H.K65D,1,0.02,1.47141397,4
208,1MLC_EHL,3,EHL,H.S57A,1,-0.38,-1.578802466,4
209,1MLC_EHL,3,EHL,H.S57V,1,-0.49,-0.294051558,4
210,1MLC_EHL,3,EHL,H.T28D,1,-0.15,0.080250502,4
211,1MLC_EHL,3,EHL,H.T31A,1,0.45,0.70263344,4
212,1MLC_EHL,3,EHL,H.T31V,1,0.53,0.771047533,4
213,1MLC_EHL,3,EHL,H.T31W,1,0.13,1.71869421,4
214,1MLC_EHL,3,EHL,H.T58D,1,-0.56,0.270808071,4
215,1MLC_EHL,3,EHL,L.N32G,1,-0.85,-1.368657112,4
216,1MLC_EHL,3,EHL,L.N32Y,1,0,0.14347215,4
217,1MLC_EHL,3,EHL,L.N92A,1,-1.25,-0.027660359,4
218,1N8Z_CHL,3,CHL,H.D31A,2,0.25,0.287743151,4
219,1N8Z_CHL,3,CHL,H.D98A,2,1.21,2.772105217,4
220,1N8Z_CHL,3,CHL,H.D98W,2,-0.69,-0.021171279,4
221,1N8Z_CHL,3,CHL,H.F100A,2,1.17,0.571341872,4
222,1N8Z_CHL,3,CHL,H.K30A,2,0.61,-0.039503712,4
223,1N8Z_CHL,3,CHL,H.N54A,2,-0.15,0.246747375,4
224,1N8Z_CHL,3,CHL,H.R50A,2,8,4.519108295,4
225,1N8Z_CHL,3,CHL,H.T32A,2,0.38,0.680096984,4
226,1N8Z_CHL,3,CHL,H.T53A,2,0.78,1.262706399,4
227,1N8Z_CHL,3,CHL,H.W95A,2,8,1.578390479,4
228,1N8Z_renum_CHL,3,CHL,H.Y105A,2,8,7.007085323,4
229,1N8Z_renum_CHL,3,CHL,H.Y105F,2,-0.05,2.029024601,4
230,1N8Z_renum_CHL,3,CHL,H.Y105F,2,0.82,1.96812129,4
231,1N8Z_CHL,3,CHL,H.Y102V,2,0.22,0.110159256,4
232,1N8Z_CHL,3,CHL,H.Y33A,2,-0.09,0.310583025,4
233,1N8Z_CHL,3,CHL,H.Y52A,2,0.23,0.68813765,4
234,1N8Z_CHL,3,CHL,H.Y56A,2,0.87,1.63041234,4
235,1N8Z_CHL,3,CHL,L.D28N,2,-0.28,1.131874919,4
236,1N8Z_CHL,3,CHL,L.F53N,2,1.21,0.295237482,4
237,1N8Z_CHL,3,CHL,L.H91A,2,8,1.045184374,4
238,1N8Z_CHL,3,CHL,L.H91F,2,-0.43,0.558059692,4
239,1N8Z_CHL,3,CHL,L.H91F,2,0.03,0.436730921,4
240,1N8Z_CHL,3,CHL,L.N30A,2,1.12,1.092954516,4
241,1N8Z_CHL,3,CHL,L.N30S,2,0.06,0.231895179,4
242,1N8Z_CHL,3,CHL,L.R66G,2,0.22,1.106149435,4
243,1N8Z_CHL,3,CHL,L.S50A,2,-0.07,1.729219794,4
244,1N8Z_CHL,3,CHL,L.S52A,2,-0.31,0.026231486,4
245,1N8Z_CHL,3,CHL,L.T31A,2,0.8,1.15030241,4
246,1N8Z_CHL,3,CHL,L.T93A,2,0.82,1.414779544,4
247,1N8Z_CHL,3,CHL,L.T94A,2,-0.12,0.910428643,4
248,1N8Z_CHL,3,CHL,L.T94S,2,0.31,0.554239392,4
249,1N8Z_CHL,3,CHL,L.Y49A,2,1.05,-0.377098143,4
250,1N8Z_CHL,3,CHL,L.Y92A,2,1.36,3.301181078,4
251,1N8Z_CHL,3,CHL,L.Y92F,2,-0.21,0.450921267,4
252,1VFB_CHL,3,CHL,C.D119A,1,1,1.657274127,5
253,1VFB_CHL,3,CHL,C.D18A,1,0.3,0.568849385,5
254,1VFB_CHL,3,CHL,C.I124A,1,1.2,1.902579546,5
255,1VFB_CHL,3,CHL,C.K116A,1,0.7,0.186689645,5
256,1VFB_CHL,3,CHL,C.L129A,1,0.2,0.629759192,5
257,1VFB_CHL,3,CHL,C.N19A,1,0.3,0.017429478,5
258,1VFB_CHL,3,CHL,C.Q121A,1,2.9,2.412606001,5
259,1VFB_CHL,3,CHL,C.R125A,1,1.8,1.174085617,5
260,1VFB_CHL,3,CHL,C.S24A,1,0.8,1.338365674,5
261,1VFB_CHL,3,CHL,C.T118A,1,0.8,0.474378079,5
262,1VFB_CHL,3,CHL,C.V120A,1,0.9,0.773621738,5
263,1VFB_CHL,3,CHL,C.Y23A,1,0.4,0.66769433,5
264,1VFB_CHL,3,CHL,H.D100A,1,2.9,2.195719719,5
265,1VFB_CHL,3,CHL,H.D54A,1,1,1.373403192,5
266,1VFB_CHL,3,CHL,H.D58E,1,0.08,0.643761098,5
267,1VFB_CHL,3,CHL,H.D58N,1,-0.13,0.791221082,5
268,1VFB_CHL,3,CHL,H.G31A,1,0.3,0.256662637,5
269,1VFB_CHL,3,CHL,H.G31E,1,-0.51,-0.05132702,5
270,1VFB_CHL,3,CHL,H.G31W,1,0.01,1.572720647,5
271,1VFB_CHL,3,CHL,H.R99W,1,0.71,0.619599342,5
272,1VFB_CHL,3,CHL,H.R99Y,1,1.26,1.58390522,5
273,1VFB_CHL,3,CHL,H.S28D,1,0,0.389151275,5
274,1VFB_CHL,3,CHL,H.S28E,1,-0.1,0.453876317,5
275,1VFB_CHL,3,CHL,H.S28N,1,0.15,0.420851648,5
276,1VFB_CHL,3,CHL,H.S28Q,1,0.08,0.239363328,5
277,1VFB_CHL,3,CHL,H.W52A,1,0.9,0.834206879,5
278,1VFB_CHL,3,CHL,H.Y101A,1,4,2.478315115,5
279,1VFB_CHL,3,CHL,H.Y101F,1,1.6,1.184956312,5
280,1VFB_CHL,3,CHL,H.Y32A,1,1.1,2.285256624,5
281,1VFB_CHL,3,CHL,H.Y32E,1,1.91,1.809806108,5
282,1VFB_CHL,3,CHL,L.L46D,1,8,4.889937401,5
283,1VFB_CHL,3,CHL,L.L46E,1,8,1.985521674,5
284,1VFB_CHL,3,CHL,L.N31W,1,0.17,1.470093489,5
285,1VFB_CHL,3,CHL,L.T52F,1,0.47,3.991093397,5
286,1VFB_CHL,3,CHL,L.T53R,1,1.67,0.393823832,5
287,1VFB_CHL,3,CHL,L.W92A,1,3.3,2.179426908,5
288,1VFB_CHL,3,CHL,L.Y32A,1,1.7,1.331772208,5
289,1VFB_CHL,3,CHL,L.Y32W,1,8,8.012654305,5
290,1VFB_CHL,3,CHL,L.Y50A,1,0.5,-0.686867416,5
291,1VFB_CHL,3,CHL,L.Y50K,1,1.67,1.039689183,5
292,1VFB_CHL,3,CHL,L.Y50R,1,0.85,0.16001147,5
293,1YY9_AHL,3,AHL,H.N56A,2,-0.06,-0.533600211,5
294,1YY9_AHL,3,AHL,H.T61E,2,-0.06,0.301950276,5
295,1YY9_AHL,3,AHL,L.N93A,2,-0.74,-1.498929024,5
296,1YY9_AHL,3,AHL,L.S26D,2,-0.2,0.690829754,5
297,1YY9_AHL,3,AHL,L.T31E,2,-0.52,-1.006078839,5
298,2JEL_HLP,3,HLP,P.A82S,3,0,2.044357061,6
299,2JEL_HLP,3,HLP,P.D69E,3,0.96,0.133085623,6
300,2JEL_HLP,3,HLP,P.E5D,3,0.41,-0.229202345,6
301,2JEL_HLP,3,HLP,P.E5Q,3,0.72,1.174668074,6
302,2JEL_HLP,3,HLP,P.E66K,3,4.13,3.686789751,6
303,2JEL_HLP,3,HLP,P.E68A,3,0.41,1.055943012,6
304,2JEL_HLP,3,HLP,P.E70A,3,2.75,3.136975527,6
305,2JEL_HLP,3,HLP,P.E70K,3,4.13,1.427873373,6
306,2JEL_HLP,3,HLP,P.E75R,3,2.75,0.089862064,6
307,2JEL_HLP,3,HLP,P.E83A,3,0,0.479982018,6
308,2JEL_HLP,3,HLP,P.E85A,3,0,1.10275209,6
309,2JEL_HLP,3,HLP,P.E85D,3,0,0.321970254,6
310,2JEL_HLP,3,HLP,P.E85K,3,0,1.007393718,6
311,2JEL_HLP,3,HLP,P.E85Q,3,0,-0.376492649,6
312,2JEL_HLP,3,HLP,P.F2W,3,2.64,-0.014348574,6
313,2JEL_HLP,3,HLP,P.F2Y,3,0,0.303553462,6
314,2JEL_HLP,3,HLP,P.H76A,3,-0.41,-0.934020758,6
315,2JEL_HLP,3,HLP,P.H76D,3,-0.66,0.962535381,6
316,2JEL_HLP,3,HLP,P.K24E,3,0,0.648963153,6
317,2JEL_HLP,3,HLP,P.K27E,3,0,0.319844872,6
318,2JEL_HLP,3,HLP,P.K72E,3,0.41,-0.865471721,6
319,2JEL_HLP,3,HLP,P.K72R,3,0,0.056239691,6
320,2JEL_HLP,3,HLP,P.K79E,3,0.41,0.442828268,6
321,2JEL_HLP,3,HLP,P.N12D,3,0,0.859653711,6
322,2JEL_HLP,3,HLP,P.N38T,3,0,0.393861473,6
323,2JEL_HLP,3,HLP,P.P11E,3,0,0.812337637,6
324,2JEL_HLP,3,HLP,P.Q3K,3,4.13,1.726017833,6
325,2JEL_HLP,3,HLP,P.Q4K,3,1.38,0.071343295,6
326,2JEL_HLP,3,HLP,P.Q57E,3,-0.41,0.112884395,6
327,2JEL_HLP,3,HLP,P.Q71E,3,2.75,-0.326913744,6
328,2JEL_HLP,3,HLP,P.R17G,3,0,0.331795722,6
329,2JEL_HLP,3,HLP,P.R17K,3,0,-0.131232068,6
330,2JEL_HLP,3,HLP,P.S41C,3,1.51,0.229797602,6
331,2JEL_HLP,3,HLP,P.S43C,3,0,-3.258322001,6
332,2JEL_HLP,3,HLP,P.S46C,3,0,0.276396841,6
333,2JEL_HLP,3,HLP,P.S64T,3,4.13,0.706880629,6
334,2JEL_HLP,3,HLP,P.T34Q,3,0,0.707979441,6
335,2JEL_HLP,3,HLP,P.T36Q,3,0.41,1.292408347,6
336,2JEL_HLP,3,HLP,P.T62A,3,0,0.778918147,6
337,2JEL_HLP,3,HLP,P.T62N,3,0,-0.250750929,6
338,2JEL_HLP,3,HLP,P.T7N,3,0.41,1.356542706,6
339,2JEL_HLP,3,HLP,P.T7S,3,0,-0.204199061,6
340,2JEL_HLP,3,HLP,P.V6F,3,0,0.185794994,6
341,2NYY_AHL,3,AHL,A.D1058A,3,0.01,0.421672493,6
342,2NYY_AHL,3,AHL,A.D1062A,3,2.53,2.270107031,6
343,2NYY_AHL,3,AHL,A.E920A,3,2.84,0.483586043,6
344,2NYY_AHL,3,AHL,A.F917A,3,0.42,0.629902959,6
345,2NYY_AHL,3,AHL,A.F953A,3,4.06,4.062412262,6
346,2NYY_AHL,3,AHL,A.H1064A,3,7.32,4.387923241,6
347,2NYY_AHL,3,AHL,A.I956A,3,-0.01,1.46484971,6
348,2NYY_AHL,3,AHL,A.K1056A,3,-0.03,1.830275178,6
349,2NYY_AHL,3,AHL,A.K903A,3,0.29,-0.076622367,6
350,2NYY_AHL,3,AHL,A.K923A,3,-0.14,1.195320368,6
351,2NYY_AHL,3,AHL,A.L919A,3,2.59,1.755539894,6
352,2NYY_AHL,3,AHL,A.N918A,3,0.89,0.7890082,6
353,2NYY_AHL,3,AHL,A.N954A,3,0.1,0.491129249,6
354,2NYY_AHL,3,AHL,A.Q915A,3,0.52,0.624771595,6
355,2NYY_AHL,3,AHL,A.R1061A,3,0.82,0.66292578,6
356,2NYY_AHL,3,AHL,A.R1294A,3,0.3,1.213401675,6
357,2NYY_AHL,3,AHL,A.S902A,3,-0.23,-0.341818035,6
358,2NYY_AHL,3,AHL,A.S955A,3,0,0.98920548,6
359,2NYY_AHL,3,AHL,A.T1063A,3,1.62,1.419074059,6
360,2NYY_AHL,3,AHL,H.K30R,3,0.07,0.977201343,6
361,2NYY_AHL,3,AHL,H.M34Q,3,-0.06,0.707474589,6
362,2NYY_AHL,3,AHL,H.Y31D,3,0.07,-0.870413184,6
363,2NYY_AHL,3,AHL,H.Y31Q,3,0.13,-0.190878004,6
364,2NYY_AHL,3,AHL,H.Y57Q,3,0.52,1.182966232,6
365,2NYY_AHL,3,AHL,L.D30Y,3,0.65,1.372975945,6
366,2NYY_AHL,3,AHL,L.H34R,3,0.1,0.649216712,6
367,2NYY_AHL,3,AHL,L.S28Q,3,0.42,0.550721228,6
368,2NYY_AHL,3,AHL,L.S31N,3,-0.36,0.188715503,6
369,2NZ9_AHL,3,AHL,A.D1058A,3,-0.03,-0.169533804,6
370,2NZ9_AHL,3,AHL,A.D1062A,3,2.34,3.051142931,6
371,2NZ9_AHL,3,AHL,A.E920A,3,2.77,1.207761049,6
372,2NZ9_AHL,3,AHL,A.F917A,3,-0.05,1.612332344,6
373,2NZ9_AHL,3,AHL,A.F953A,3,3.34,3.282748938,6
374,2NZ9_AHL,3,AHL,A.H1064A,3,7.42,3.605121851,6
375,2NZ9_AHL,3,AHL,A.I956A,3,0.07,0.796540439,6
376,2NZ9_AHL,3,AHL,A.K1056A,3,-0.01,1.05853653,6
377,2NZ9_AHL,3,AHL,A.K903A,3,0.54,1.608267069,6
378,2NZ9_AHL,3,AHL,A.K923A,3,-0.3,0.354830682,6
379,2NZ9_AHL,3,AHL,A.L919A,3,2.28,0.273365438,6
380,2NZ9_AHL,3,AHL,A.N918A,3,2.16,0.380085528,6
381,2NZ9_AHL,3,AHL,A.N954A,3,-0.15,-0.311603934,6
382,2NZ9_AHL,3,AHL,A.Q915A,3,0.1,0.376143128,6
383,2NZ9_AHL,3,AHL,A.R1061A,3,0.29,0.628535569,6
384,2NZ9_AHL,3,AHL,A.R1294A,3,0.39,1.165945649,6
385,2NZ9_AHL,3,AHL,A.S902A,3,-0.12,1.268840432,6
386,2NZ9_AHL,3,AHL,A.S955A,3,-0.08,0.533148944,6
387,2NZ9_AHL,3,AHL,A.T1063A,3,2.37,2.632329702,6
388,3BDY_HLV,3,HLV,H.D31A,4,0.2,0.581744492,7
389,3BDY_HLV,3,HLV,H.D98A,4,0,-0.27930975,7
390,3BDY_HLV,3,HLV,H.F100A,4,0.7,1.342136502,7
391,3BDY_HLV,3,HLV,H.G96A,4,0.2,0.239186391,7
392,3BDY_HLV,3,HLV,H.G97A,4,-0.1,0.840820611,7
393,3BDY_HLV,3,HLV,H.G99A,4,0.8,1.708262801,7
394,3BDY_HLV,3,HLV,H.K30A,4,0.2,1.4009763,7
395,3BDY_HLV,3,HLV,H.N54A,4,-0.2,0.311109245,7
396,3BDY_HLV,3,HLV,H.R50A,4,-0.3,0.887669265,7
397,3BDY_HLV,3,HLV,H.R58A,4,-0.2,0.24807322,7
398,3BDY_HLV,3,HLV,H.T32A,4,-0.4,0.367557764,7
399,3BDY_HLV,3,HLV,H.T53A,4,-0.5,-0.566602767,7
400,3BDY_HLV,3,HLV,H.W95A,4,2,0.473711997,7
401,3BDY_renum_HLV,3,HLV,H.Y106A,4,0.5,0.063173443,7
402,3BDY_HLV,3,HLV,H.Y33A,4,0.3,1.655307889,7
403,3BDY_HLV,3,HLV,H.Y52A,4,0.4,0.739965677,7
404,3BDY_HLV,3,HLV,H.Y56A,4,0.2,0.413435638,7
405,3BDY_renum_HLV,3,HLV,L.D28A,4,0,0.427449107,7
406,3BDY_HLV,3,HLV,L.G31A,4,1.2,-0.141370147,7
407,3BDY_HLV,3,HLV,L.G51A,4,1,1.280478239,7
408,3BDY_HLV,3,HLV,L.H91A,4,2,0.778951347,7
409,3BDY_renum_HLV,3,HLV,L.I29A,4,1.1,0.377806038,7
410,3BDY_HLV,3,HLV,L.I29A,4,0.8,-0.693171561,7
411,3BDY_renum_HLV,3,HLV,L.P30A,4,0.2,0.854362667,7
412,3BDY_renum_HLV,3,HLV,L.R31A,4,-0.2,0.029725149,7
413,3BDY_HLV,3,HLV,L.S28A,4,1,-0.764396191,7
414,3BDY_HLV,3,HLV,L.S30A,4,1.3,3.446660519,7
415,3BDY_HLV,3,HLV,L.S52A,4,0.1,0.383979768,7
416,3BDY_HLV,3,HLV,L.T93A,4,-0.3,0.47879833,7
417,3BDY_HLV,3,HLV,L.T94A,4,0,0.811009705,7
418,3BDY_HLV,3,HLV,L.W50A,4,1.3,2.670264244,7
419,3BDY_HLV,3,HLV,L.Y32A,4,1.7,3.008252859,7
420,3BDY_HLV,3,HLV,L.Y53A,4,0.7,0.83508569,7
421,3BDY_HLV,3,HLV,L.Y92A,4,1.4,2.188085556,7
422,3BE1_AHL,3,AHL,H.D31A,2,0.4,1.208736777,7
423,3BE1_AHL,3,AHL,H.D98A,2,-0.1,0.264103353,7
424,3BE1_AHL,3,AHL,H.F100A,2,1.9,1.068031311,7
425,3BE1_AHL,3,AHL,H.G96A,2,0.1,0.751263559,7
426,3BE1_AHL,3,AHL,H.G97A,2,0.3,0.383128017,7
427,3BE1_AHL,3,AHL,H.G99A,2,1.8,0.480872244,7
428,3BE1_AHL,3,AHL,H.K30A,2,-0.3,0.227759838,7
429,3BE1_AHL,3,AHL,H.N54A,2,-0.8,0.631843686,7
430,3BE1_AHL,3,AHL,H.R50A,2,2.4,0.530345559,7
431,3BE1_AHL,3,AHL,H.R58A,2,2.5,5.045919895,7
432,3BE1_AHL,3,AHL,H.T32A,2,-0.4,0.111916043,7
433,3BE1_AHL,3,AHL,H.T53A,2,0.1,0.246950656,7
434,3BE1_AHL,3,AHL,H.W95A,2,1.8,4.845850945,7
435,3BE1_renum_AHL,3,AHL,H.Y105A,2,1.2,1.420168519,7
436,3BE1_AHL,3,AHL,H.Y33A,2,2.4,0.785699308,7
437,3BE1_AHL,3,AHL,H.Y52A,2,-0.8,0.149013743,7
438,3BE1_AHL,3,AHL,H.Y56A,2,1.8,1.368074536,7
439,3BE1_renum_AHL,3,AHL,L.D28A,2,0,1.58575964,7
440,3BE1_AHL,3,AHL,L.G31A,2,0.3,0.395145237,7
441,3BE1_AHL,3,AHL,L.G51A,2,-0.3,0.846690416,7
442,3BE1_AHL,3,AHL,L.H91A,2,0.9,0.631044567,7
443,3BE1_renum_AHL,3,AHL,L.I29A,2,-0.2,0.117587902,7
444,3BE1_AHL,3,AHL,L.I29A,2,0.9,1.499005437,7
445,3BE1_renum_AHL,3,AHL,L.P30A,2,0.1,0.906136572,7
446,3BE1_renum_AHL,3,AHL,L.R31A,2,-0.2,0.406956077,7
447,3BE1_AHL,3,AHL,L.S28A,2,0.3,0.17897512,7
448,3BE1_AHL,3,AHL,L.S30A,2,-0.2,0.902718008,7
449,3BE1_AHL,3,AHL,L.S52A,2,0.3,0.386556596,7
450,3BE1_AHL,3,AHL,L.T93A,2,-0.4,0.179870978,7
451,3BE1_AHL,3,AHL,L.T94A,2,1.4,0.965892673,7
452,3BE1_AHL,3,AHL,L.W50A,2,1.4,1.095697999,7
453,3BE1_AHL,3,AHL,L.Y32A,2,-0.8,0.11220967,7
454,3BE1_AHL,3,AHL,L.Y53A,2,0.9,1.056545258,7
455,3BE1_AHL,3,AHL,L.Y92A,2,0.5,0.847396731,7
456,3BN9_AHL,3,AHL,A.D217A,5,0.57,0.609033287,8
457,3BN9_renum_AHL,3,AHL,A.D46A,5,0.42,0.813172519,8
458,3BN9_renum_AHL,3,AHL,A.D47A,5,0.31,-0.331830561,8
459,3BN9_AHL,3,AHL,A.D96A,5,6.7,0.667180359,8
460,3BN9_AHL,3,AHL,A.E169A,5,0.37,0.680960417,8
461,3BN9_renum_AHL,3,AHL,A.F50A,5,-0.05,-0.660246611,8
462,3BN9_AHL,3,AHL,A.F94A,5,0.64,0.575879812,8
463,3BN9_AHL,3,AHL,A.F97A,5,6.7,-0.122960575,8
464,3BN9_AHL,3,AHL,A.H143A,5,0.09,0.763199031,8
465,3BN9_AHL,3,AHL,A.I41A,5,0,0.644183755,8
466,3BN9_AHL,3,AHL,A.I60A,5,0.84,1.467944622,8
467,3BN9_AHL,3,AHL,A.K224A,5,0.79,0.537286103,8
468,3BN9_AHL,3,AHL,A.L153A,5,0.34,0.52766037,8
469,3BN9_AHL,3,AHL,A.N95A,5,0.77,0.334385455,8
470,3BN9_AHL,3,AHL,A.Q145A,5,0.13,0.391855568,8
471,3BN9_AHL,3,AHL,A.Q174A,5,-0.03,0.460417032,8
472,3BN9_AHL,3,AHL,A.Q175A,5,2.51,0.388921976,8
473,3BN9_renum_AHL,3,AHL,A.Q218A,5,0.71,1.531619191,8
474,3BN9_AHL,3,AHL,A.Q38A,5,-0.42,0.021106429,8
475,3BN9_AHL,3,AHL,A.R222A,5,-0.09,-0.211977214,8
476,3BN9_renum_AHL,3,AHL,A.R48A,5,-0.05,0.729628384,8
477,3BN9_renum_AHL,3,AHL,A.R51A,5,-0.07,1.179156661,8
478,3BN9_AHL,3,AHL,A.R87A,5,-0.16,0.396456718,8
479,3BN9_AHL,3,AHL,A.T150A,5,0.29,0.557601631,8
480,3BN9_AHL,3,AHL,A.T98A,5,1.13,1.105279922,8
481,3BN9_AHL,3,AHL,A.Y146A,5,1.09,0.499948621,8
482,3BN9_renum_AHL,3,AHL,A.Y52A,5,0.02,0.040145431,8
483,3BN9_AHL,3,AHL,H.P100H,5,8,5.649840832,8
484,3BN9_renum_AHL,3,AHL,H.Q105V,5,1.36,0.14841564,8
485,3BN9_AHL,3,AHL,H.S30G,5,1.36,0.303164423,8
486,3BN9_AHL,3,AHL,H.S30N,5,1.36,0.683133721,8
487,3BN9_AHL,3,AHL,H.T28R,5,0.3,0.554262757,8
488,3BN9_AHL,3,AHL,H.T98Q,5,0,-0.001457046,8
489,3BN9_AHL,3,AHL,H.T98R,5,-0.06,-0.088885523,8
490,3BN9_AHL,3,AHL,H.Y99S,5,0.41,-1.584791064,8
491,3HFM_HLY,3,HLY,H.C95A,1,5.52,3.767246008,8
492,3HFM_HLY,3,HLY,H.C95F,1,3.25,3.811644793,8
493,3HFM_HLY,3,HLY,H.D32A,1,1.9,0.73675108,8
494,3HFM_HLY,3,HLY,H.D32N,1,0.17,1.935947418,8
495,3HFM_HLY,3,HLY,H.S31A,1,0.17,0.330978572,8
496,3HFM_HLY,3,HLY,H.Y33A,1,6,5.319500446,8
497,3HFM_HLY,3,HLY,H.Y50A,1,8,2.107738256,8
498,3HFM_HLY,3,HLY,L.N31A,1,5.22,4.276049614,8
499,3HFM_HLY,3,HLY,L.N31D,1,1.34,2.729769468,8
500,3HFM_HLY,3,HLY,L.N31E,1,5.67,1.246264815,8
501,3HFM_HLY,3,HLY,L.N32A,1,5.11,3.576649189,8
502,3HFM_HLY,3,HLY,L.Q53A,1,0.95,0.837785482,8
503,3HFM_HLY,3,HLY,L.Y50A,1,4.57,2.508621454,8
504,3HFM_HLY,3,HLY,L.Y50F,1,2.36,3.369403601,8
505,3HFM_HLY,3,HLY,L.Y50L,1,4.4,2.463193178,8
506,3HFM_HLY,3,HLY,L.Y96A,1,2.71,0.839524984,8
507,3HFM_HLY,3,HLY,L.Y96F,1,1.4,0.331716835,8
508,3HFM_HLY,3,HLY,Y.K96A,1,6.83,6.730853558,8
509,3HFM_HLY,3,HLY,Y.K97A,1,6.18,6.015496731,8
510,3HFM_HLY,3,HLY,Y.K97M,1,1.09,2.709823132,8
511,3HFM_HLY,3,HLY,Y.R21A,1,1.03,3.587165117,8
512,3HFM_HLY,3,HLY,Y.Y20A,1,4.87,4.777214527,8
513,3K2M_AD,2,AD,D.E52A,1,2.5,0.48388207,9
514,3K2M_AD,2,AD,D.M88A,1,4,1.118789077,9
515,3K2M_AD,2,AD,D.R38A,1,2.5,0.828727961,9
516,3K2M_AD,2,AD,D.W80A,1,4,1.156981587,9
517,3K2M_AD,2,AD,D.Y35A,1,1,1.947346568,9
518,3K2M_AD,2,AD,D.Y36A,1,3.7,0.210022911,9
519,3K2M_AD,2,AD,D.Y87A,1,4,1.865440011,9
520,3NGB_GHL,3,GHL,H.A56G,4,-0.06,0.311746091,9
521,3NGB_GHL,3,GHL,H.G54S,4,0.73,0.952925444,9
522,3NGB_GHL,3,GHL,H.I30T,4,0.08,0.142357454,9
523,3NGB_GHL,3,GHL,H.K52N,4,0.18,0.184208035,9
524,3NGB_GHL,3,GHL,H.P62K,4,0.23,0.959768176,9
525,3NGB_GHL,3,GHL,H.R53N,4,0.05,0.73050648,9
526,3NGB_GHL,3,GHL,H.R61Q,4,0.1,0.005869191,9
527,3NGB_GHL,3,GHL,H.T33Y,4,0.08,0.141366854,9
528,3NGB_GHL,3,GHL,H.V57T,4,0.14,0.391972154,9
529,3NGB_GHL,3,GHL,H.V73T,4,0.16,0.33733958,9
530,3NGB_GHL,3,GHL,H.Y74S,4,0.33,0.321189463,9
531,3NPS_ABC,3,ABC,A.D214A,5,1.48,-0.331167191,9
532,3NPS_ABC,3,ABC,A.D46A,5,0.34,0.581428647,9
533,3NPS_ABC,3,ABC,A.D47A,5,1.08,0.670634091,9
534,3NPS_ABC,3,ABC,A.D91A,5,1.52,0.520945191,9
535,3NPS_ABC,3,ABC,A.E163A,5,0.62,0.535230279,9
536,3NPS_ABC,3,ABC,A.F50A,5,0.22,0.671549976,9
537,3NPS_ABC,3,ABC,A.F89A,5,1.61,0.493027717,9
538,3NPS_ABC,3,ABC,A.F92A,5,0.47,0.066697218,9
539,3NPS_ABC,3,ABC,A.H138A,5,1.89,0.291449726,9
540,3NPS_ABC,3,ABC,A.I26A,5,0.65,1.21320188,9
541,3NPS_ABC,3,ABC,A.I45A,5,-0.34,0.437464386,9
542,3NPS_ABC,3,ABC,A.K221A,5,-0.1,0.387070239,9
543,3NPS_ABC,3,ABC,A.L147A,5,0.3,-0.002156828,9
544,3NPS_ABC,3,ABC,A.N90A,5,0.26,1.395592809,9
545,3NPS_ABC,3,ABC,A.Q140A,5,0.3,0.13786909,9
546,3NPS_ABC,3,ABC,A.Q168A,5,-0.06,0.086838283,9
547,3NPS_ABC,3,ABC,A.Q169A,5,0.75,0.473964065,9
548,3NPS_ABC,3,ABC,A.Q218A,5,-0.04,0.471215189,9
549,3NPS_ABC,3,ABC,A.Q23A,5,0.03,-0.71524471,9
550,3NPS_ABC,3,ABC,A.R219A,5,-0.08,-0.204068154,9
551,3NPS_ABC,3,ABC,A.R48A,5,-1.07,0.110512197,9
552,3NPS_ABC,3,ABC,A.R51A,5,0.14,0.405508429,9
553,3NPS_ABC,3,ABC,A.R82A,5,-0.15,-0.18375349,9
554,3NPS_ABC,3,ABC,A.T144A,5,0.18,-0.376933813,9
555,3NPS_ABC,3,ABC,A.T93A,5,0.73,1.350582957,9
556,3NPS_ABC,3,ABC,A.Y141A,5,1.79,0.260529995,9
557,3NPS_ABC,3,ABC,A.Y52A,5,0.46,0.268098474,9
558,HM_1KTZ_AB,2,AB,B.D118A,2,0.8,0.602174759,9
559,HM_1KTZ_AB,2,AB,B.D32A,2,1.5,1.560151458,9
560,HM_1KTZ_AB,2,AB,B.D32N,2,2,1.952802896,9
561,HM_1KTZ_AB,2,AB,B.E119A,2,1.5,1.278653741,9
562,HM_1KTZ_AB,2,AB,B.E119Q,2,1.6,1.861557603,9
563,HM_1KTZ_AB,2,AB,B.E55A,2,1.2,1.537033558,9
564,HM_1KTZ_AB,2,AB,B.E75A,2,1.1,0.398043007,9
565,HM_1KTZ_AB,2,AB,B.F110A,2,0.9,0.379748255,9
566,HM_1KTZ_AB,2,AB,B.F30A,2,3,2.566922426,9
567,HM_1KTZ_AB,2,AB,B.H79A,2,0.3,0.160756081,9
568,HM_1KTZ_AB,2,AB,B.I125A,2,0.5,1.323766112,9
569,HM_1KTZ_AB,2,AB,B.I50A,2,1.9,2.096725225,9
570,HM_1KTZ_AB,2,AB,B.I53A,2,1.4,1.291973591,9
571,HM_1KTZ_AB,2,AB,B.L27A,2,1.8,0.986631453,9
572,HM_1KTZ_AB,2,AB,B.M112A,2,0.9,0.315279663,9
573,HM_1KTZ_AB,2,AB,B.N47A,2,0.3,1.183102846,9
574,HM_1KTZ_AB,2,AB,B.S49A,2,0.3,0.766257226,9
575,HM_1KTZ_AB,2,AB,B.S52A,2,0.2,0.379563779,9
576,HM_1KTZ_AB,2,AB,B.S52L,2,4,-0.047565609,9
577,HM_1KTZ_AB,2,AB,B.T51A,2,1.5,1.0958215,9
578,HM_1KTZ_AB,2,AB,B.V62A,2,0.7,0.637075961,9
579,HM_1KTZ_AB,2,AB,B.V77A,2,0.4,1.291108012,9
580,HM_1YY9_AHL,3,AHL,H.A98W,2,-0.23,0.745698452,10
581,HM_1YY9_AHL,3,AHL,H.G33D,2,-0.89,-0.60333401,10
582,HM_1YY9_AHL,3,AHL,H.I51G,2,-0.51,-0.435399413,10
583,HM_1YY9_AHL,3,AHL,H.R97D,2,-0.99,0.188637301,10
584,HM_1YY9_AHL,3,AHL,H.T100Y,2,-0.45,-0.463542312,10
585,HM_1YY9_AHL,3,AHL,H.T57G,2,-0.46,-0.533960819,10
586,HM_1YY9_AHL,3,AHL,H.T57P,2,-0.48,-1.00974822,10
587,HM_1YY9_AHL,3,AHL,H.V50L,2,-0.6,-0.257123321,10
588,HM_1YY9_AHL,3,AHL,H.V50Q,2,-0.64,0.119757116,10
589,HM_1YY9_AHL,3,AHL,H.Y32R,2,-0.13,-0.162203878,10
590,HM_1YY9_AHL,3,AHL,L.A25V,2,-0.62,-0.55144906,10
591,HM_1YY9_AHL,3,AHL,L.G30Y,2,-0.92,0.034153122,10
592,HM_1YY9_AHL,3,AHL,L.Q27Y,2,-0.83,-0.293166399,10
593,HM_1YY9_AHL,3,AHL,L.T97C,2,-0.51,0.478861839,10
594,HM_1YY9_AHL,3,AHL,L.T97D,2,-0.66,-0.280906856,10
595,HM_1YY9_AHL,3,AHL,L.T97S,2,-0.7,0.035502177,10
596,HM_2NYY_AHL,3,AHL,A.D1062A,3,-0.14,0.208588913,10
597,HM_2NYY_AHL,3,AHL,A.D902A,3,-0.49,0.213727489,10
598,HM_2NYY_AHL,3,AHL,A.E920A,3,0.5,0.628329992,10
599,HM_2NYY_AHL,3,AHL,A.F953A,3,1.53,1.766078591,10
600,HM_2NYY_AHL,3,AHL,A.I917A,3,0.95,0.02352323,10
601,HM_2NYY_AHL,3,AHL,A.K915A,3,-0.31,-0.200982168,10
602,HM_2NYY_AHL,3,AHL,A.K955A,3,-0.5,0.335699916,10
603,HM_2NYY_AHL,3,AHL,A.L919A,3,0.41,0.646531641,10
604,HM_2NYY_AHL,3,AHL,A.N918A,3,0.3,0.314530969,10
605,HM_2NYY_AHL,3,AHL,A.N957A,3,0.01,-0.144664079,10
606,HM_2NYY_AHL,3,AHL,A.P1063A,3,0.24,2.005663157,10
607,HM_2NYY_AHL,3,AHL,A.R1061A,3,0.58,0.611565709,10
608,HM_2NYY_AHL,3,AHL,A.R1064A,3,4.44,4.891050339,10
609,HM_2NYY_AHL,3,AHL,A.R903A,3,-0.02,-0.127795219,10
610,HM_2NYY_AHL,3,AHL,A.S954A,3,-0.66,-0.461208045,10
611,HM_2NYY_AHL,3,AHL,A.T923A,3,0.62,0.215678543,10
612,HM_2NYY_AHL,3,AHL,H.K30R,3,0.51,0.260998428,10
613,HM_2NYY_AHL,3,AHL,H.M34Q,3,-0.01,0.483506411,10
614,HM_2NYY_AHL,3,AHL,H.Y31D,3,0.97,0.588706136,10
615,HM_2NYY_AHL,3,AHL,H.Y31Q,3,1.33,0.637460768,10
616,HM_2NYY_AHL,3,AHL,H.Y57Q,3,1.19,0.357769579,10
617,HM_2NYY_AHL,3,AHL,L.D30Y,3,0.6,0.625894368,10
618,HM_2NYY_AHL,3,AHL,L.H34R,3,0.63,0.218492031,10
619,HM_2NYY_AHL,3,AHL,L.S28Q,3,0.7,0.925051808,10
620,HM_2NYY_AHL,3,AHL,L.S31N,3,1.2,0.606505871,10
621,HM_2NZ9_AHL,3,AHL,A.D1062A,3,-0.14,-0.395900071,10
622,HM_2NZ9_AHL,3,AHL,A.D902A,3,-0.49,0.202761397,10
623,HM_2NZ9_AHL,3,AHL,A.E920A,3,0.5,0.471792608,10
624,HM_2NZ9_AHL,3,AHL,A.F953A,3,1.53,1.381368995,10
625,HM_2NZ9_AHL,3,AHL,A.I917A,3,0.95,0.54612416,10
626,HM_2NZ9_AHL,3,AHL,A.K915A,3,-0.31,0.165642619,10
627,HM_2NZ9_AHL,3,AHL,A.K955A,3,-0.5,0.316808611,10
628,HM_2NZ9_AHL,3,AHL,A.L919A,3,0.41,0.282944292,10
629,HM_2NZ9_AHL,3,AHL,A.N918A,3,0.3,0.461898506,10
630,HM_2NZ9_AHL,3,AHL,A.N957A,3,0.01,-0.290168703,10
631,HM_2NZ9_AHL,3,AHL,A.P1063A,3,0.24,0.846084595,10
632,HM_2NZ9_AHL,3,AHL,A.R1061A,3,0.58,0.048119266,10
633,HM_2NZ9_AHL,3,AHL,A.R1064A,3,4.44,4.960953712,10
634,HM_2NZ9_AHL,3,AHL,A.R903A,3,-0.02,0.048300594,10
635,HM_2NZ9_AHL,3,AHL,A.S954A,3,-0.66,-0.378164262,10
636,HM_2NZ9_AHL,3,AHL,A.T923A,3,0.62,-0.175969258,10
637,HM_3BN9_AHL,3,AHL,H.P100H,5,1.36,0.387306899,10
638,HM_3BN9_renum_AHL,3,AHL,H.Q105V,5,0.41,-0.209385619,10
639,HM_3BN9_AHL,3,AHL,H.S30G,5,0.71,0.342957318,10
640,HM_3BN9_AHL,3,AHL,H.S30N,5,0.71,1.18155539,10
641,HM_3BN9_AHL,3,AHL,H.T28R,5,-0.24,0.805219114,10
642,HM_3BN9_AHL,3,AHL,H.T98Q,5,-0.16,0.569585145,10
643,HM_3BN9_AHL,3,AHL,H.T98R,5,-1.57,-1.160972118,10
644,HM_3BN9_AHL,3,AHL,H.Y99S,5,0.54,1.90351665,10
