,antibody,widltype,Hchain,lchain,Rchain,crystal,receptor
0,REGN10933,1,B,D,E,6xdg,wuhu-1
44848,CAB-A17,0,E,F,A,8c2r,wuhu-1
48859,COVOX-222,0,H,L,A,7q9g,wuhu-1
49059,BD55-1403,0,A,B,R,7y0c,wuhu-1
49118,BD-804,0,H,L,R,7eya,wuhu-1
49120,BD55-3546,0,H,L,R,7wry,wuhu-1
50648,BD55-3500,0,H,L,R,7wsc,wuhu-1
51601,BD55-3372,0,H,L,R,7wro,wuhu-1
51721,P2B-2F6,0,H,L,E,8dcc,wuhu-1
60718,XGv-282,0,H,L,E,7wlc,BA.1
60723,BD55-4637,0,A,B,R,7wrj,BA.1
60731,XGv-265,0,H,L,E,7wee,BA.1
60734,XGv-264,0,H,L,E,7wth,BA.1
60736,XGv-286,0,H,L,E,7wtj,BA.1
60879,BD55-5840,0,H,L,R,7y0w,BA.1
61119,XGv-347,0,H,L,E,7wed,BA.1
61126,BD55-1239,0,A,B,R,7wrl,BA.1
61156,BD-813,0,H,L,R,7ey0,BA.1
61160,BD-744,0,A,B,R,7ey0,BA.1
61168,BD-667,0,H,L,R,7ey4,BA.1
61200,BD-812,0,H,L,A,7ezv,BA.1
61339,BD-821,0,B,C,A,7ey5,BA.1
61355,XGv-051,0,H,L,E,7wtg,BA.1
61450,BD55-5514,0,A,B,R,7y0w,BA.1
0,COV2-2196,1,C,B,A,8d8q,
16,AZD1061,1,C,D,G,7l7e,wuhu-1
32,CR3022,1,H,L,C,6w41,wuhu-1
48,LY-CoV016,1,H,L,A,7c01,wuhu-1
64,LY-CoV555,1,A,B,C,7kmg,wuhu-1
80,REGN10987,1,C,A,E,6xdg,wuhu-1
96,S2D106,1,H,L,E,7r7n,wuhu-1
112,S2E12,1,C,D,R,7r6x,wuhu-1
128,S2H13,1,H,L,A,7jv4,wuhu-1
144,S2H14,1,C,D,R,7jx3,wuhu-1
160,S2H97,1,C,D,S,7m7w,wuhu-1
176,S2X259,1,H,L,R,7m7w,wuhu-1
192,S2X35,1,H,L,R,7r6w,wuhu-1
208,S304,1,H,L,R,7jx3,wuhu-1
224,S309,1,A,B,R,7r6w,wuhu-1
29235,C002,1,H,L,A,7k8s,wuhu-1
29251,C105,1,H,L,C,6xcm,wuhu-1
29267,C110,1,H,L,A,7k8v,wuhu-1
29283,C121,1,E,G,A,7k8x,wuhu-1
29299,C135,1,H,L,A,7k8z,wuhu-1
29315,C144,1,H,L,B,7k90,wuhu-1
40935,47D11,1,H,L,B,7akd,wuhu-1
40951,S2K146,1,H,L,E,7tas,wuhu-1
46794,2B04,1,H,L,A,7k9i,wuhu-1
48827,BD-604,1,H,L,R,7ch4,wuhu-1
48843,COVOX-150,1,H,L,E,7bei,wuhu-1
49119,BD55-3152,1,A,B,F,7wr9,wuhu-1
49121,C119,1,H,L,A,7k8w,wuhu-1
49122,CA521,1,B,C,A,7.00E+23,wuhu-1
49125,COVOX-384,1,A,B,E,7bep,wuhu-1
49129,DH1042,1,H,L,C,7tht,wuhu-1
49130,DH1043,1,S,T,A,7ljr,wuhu-1
49185,1-57,1,H,L,A,7ls9,wuhu-1
49190,BD-368,1,A,B,R,7chf,wuhu-1
49385,S2M11,1,H,L,A,7k43,wuhu-1
49539,CV05-163,1,H,L,Z,7lop,wuhu-1
49559,BD-623,1,A,B,R,7e7y,wuhu-1
49561,COVA1-16,1,H,L,A,7s5r,wuhu-1
49568,COVOX-88,1,H,L,C,7nd4,wuhu-1
49940,H4,1,H,L,B,7l58,wuhu-1
49964,BG1-24,1,M,N,A,7m6i,wuhu-1
49967,BG4-25,1,H,L,C,7m6d,wuhu-1
49976,C1A-F10,1,H,L,A,7kfy,wuhu-1
50761,DH1047,1,M,N,C,7ld1,wuhu-1
51284,CC12.3,1,H,L,A,7kn6,wuhu-1
51578,LY-CoV488,1,A,B,C,7kmh,wuhu-1
51585,P2B-1A10,1,H,K,A,7czq,wuhu-1
51592,P5A-2G9,1,H,L,A,7czt,wuhu-1
51648,CC12.1,1,H,L,A,8cwv,wuhu-1
51680,LY-CoV481,1,A,B,C,7kmi,wuhu-1
51696,B38,1,H,L,A,7bz5,wuhu-1
51699,BD-236,1,H,L,R,7chb,wuhu-1
51711,COVOX-269,1,H,L,E,7neh,wuhu-1
51790,CV30,1,H,L,E,6xe1,wuhu-1
52033,C102,1,A,B,E,7k8m,wuhu-1
52052,C1A-B12,1,H,L,A,7kfv,wuhu-1
52070,C1A-B3,1,H,L,A,7kfw,wuhu-1
52089,C1A-C2,1,H,L,A,7kfx,wuhu-1
52331,P5A-3A1,1,H,L,A,7d0c,wuhu-1
52396,BRII-196,1,H,L,E,7cdi,wuhu-1
52531,BD-503,1,H,L,R,7ejy,wuhu-1
53065,BG7-15,1,H,L,B,7m6g,wuhu-1
53137,COVOX-75,1,A,B,R,7beo,wuhu-1
53860,CV07-270,1,H,L,A,6xkp,wuhu-1
55221,2月15日,1,H,L,A,7l5b,wuhu-1
55263,P2C-1A3,1,H,L,E,7cdj,wuhu-1
55580,15033,1,H,L,A,7klg,wuhu-1
55813,DH1041,1,H,L,A,7laa,wuhu-1
55860,P17,1,H,L,A,7cwo,wuhu-1
56016,BG7-20,1,D,E,C,7m6h,wuhu-1
56301,AZD8895,1,H,L,E,7l7d,wuhu-1
56557,CV07-287,1,B,C,A,7s5r,wuhu-1
56756,COVOX-253H165L,1,H,L,B,7ndb ,wuhu-1
56764,COVOX-253H55L,1,H,L,R,7beo,wuhu-1
60717,XGv-289,1,C,L,E,7wef,BA.1
60756,BD-629,1,H,L,R,7ch5,BA.1
60816,COVOX-45,1,A,B,R,7bel,BA.1
60880,EY6A,1,H,L,E,6zfo,BA.1
61327,BD-218,1,H,L,B,8gnh,BA.1
62067,S2A4,1,H,L,A,7jva,BA.1
63062,ADG-2,1,H,L,A,7u2d,BA.1
