,0,1,2,3,0,1
0,WT,REGN10933,1,,0.0,0.032117754220962524
1,B.1.1.7,REGN10933,1,"Δ69,Δ70,Δ144,N501Y,A570D,P681H,T716I,S982A,D1118H",0.0,0.045825861394405365
2,B.1.351,REGN10933,1,"L18F,D80A,D215G,R246I,K417N,E484K,N501Y,D614G,A701V",0.0,0.5178296566009521
3,P.1,REGN10933,0,"L18F,T20N,P26S,D138Y,R190S,H655Y,T1027I,V1176F,K417T,E484K,N501Y,D614G",1.0,0.35689565539360046
4,B.1.617,REGN10933,1,"T19R,G142D,Δ156,Δ157,R158G,L452R,T478K,D614G,P681R,D950N",0.0,0.03949247673153877
5,B.1.429,REGN10933,1,"S13I,W152C,L452R,D614G",0.0,0.029017843306064606
6,BA.1.1,REGN10933,0,"T19I,Δ24,Δ25,Δ26,A27S,V83A,G142D,Δ144,H146Q,Q183E,V213E,G252V,R346K,G339D,S373P,S375F,K417N,G446S,N440K,S477N,T478K,E484A,Q493R,Q498R,N501Y,Y505H,D614G,H655Y,N679K,P681H",1.0,0.822185218334198
7,BA.2,REGN10933,0,"G142D,Δ144,H146Q,N211I,G252V,G339D,S371L,S373P,S375F,T376A,D405N,R408S,K417N,N440K,S477N,T478K,E484A,Q493R,Q498R,N501Y,Y505H,D614G,N679K,P681H,N764K,D796Y,N856K,Q954H,N969K,L981F",1.0,0.8833813667297363
8,XBB.1.5,REGN10933,0,"T19I,Δ24,Δ25,Δ26,A27S,V83A,G142D,Δ144,H146Q,Q183E,V213E,G252V,G339H,R346T,L368I,S371F,S373P,S375F,T376A,D405N,R408S,K417N,N440K,V445P,G446S,N460K,S477N,T478K,E484A,F486P,F490S,Q498R,N501Y,Y505H,D614G,H655Y,N679K,P681H",1.0,0.9976215958595276
9,JN.1,REGN10933,0,"T19I,R21T,Δ24,Δ25,Δ26,A27S,S50L,Δ69,Δ70,V127F,G142D,Δ144,F157S,R158G,Δ211,L212I,V213G,L216F,H245N,A264D,I332V,G339H,K356T,S371F,S373P,S375F,T376A,R403K,D405N,R408S,K417N,N440K,V445H,G446S,N450D,L452W,L455S,N460K,S477N,T478K,N481K,Δ483,E484K,F486P,Q498R,N501Y,Y505H,D614G",1.0,0.9999973773956299
10,WT,REGN10987,1,,0.0,0.11511942744255066
11,B.1.1.7,REGN10987,1,"Δ69,Δ70,Δ144,N501Y,A570D,P681H,T716I,S982A,D1118H",0.0,0.17967641353607178
12,B.1.351,REGN10987,1,"L18F,D80A,D215G,R246I,K417N,E484K,N501Y,D614G,A701V",0.0,0.18470047414302826
13,P.1,REGN10987,1,"L18F,T20N,P26S,D138Y,R190S,H655Y,T1027I,V1176F,K417T,E484K,N501Y,D614G",0.0,0.18794018030166626
14,B.1.617,REGN10987,1,"T19R,G142D,Δ156,Δ157,R158G,L452R,T478K,D614G,P681R,D950N",0.0,0.4597916603088379
15,B.1.429,REGN10987,1,"S13I,W152C,L452R,D614G",0.0,0.4751499593257904
16,BA.1.1,REGN10987,0,"T19I,Δ24,Δ25,Δ26,A27S,V83A,G142D,Δ144,H146Q,Q183E,V213E,G252V,R346K,G339D,S373P,S375F,K417N,G446S,N440K,S477N,T478K,E484A,Q493R,Q498R,N501Y,Y505H,D614G,H655Y,N679K,P681H",1.0,0.6675967574119568
17,BA.2,REGN10987,1,"G142D,Δ144,H146Q,N211I,G252V,G339D,S371L,S373P,S375F,T376A,D405N,R408S,K417N,N440K,S477N,T478K,E484A,Q493R,Q498R,N501Y,Y505H,D614G,N679K,P681H,N764K,D796Y,N856K,Q954H,N969K,L981F",0.0,0.285680890083313
18,XBB.1.5,REGN10987,0,"T19I,Δ24,Δ25,Δ26,A27S,V83A,G142D,Δ144,H146Q,Q183E,V213E,G252V,G339H,R346T,L368I,S371F,S373P,S375F,T376A,D405N,R408S,K417N,N440K,V445P,G446S,N460K,S477N,T478K,E484A,F486P,F490S,Q498R,N501Y,Y505H,D614G,H655Y,N679K,P681H",1.0,0.9584294557571411
19,JN.1,REGN10987,0,"T19I,R21T,Δ24,Δ25,Δ26,A27S,S50L,Δ69,Δ70,V127F,G142D,Δ144,F157S,R158G,Δ211,L212I,V213G,L216F,H245N,A264D,I332V,G339H,K356T,S371F,S373P,S375F,T376A,R403K,D405N,R408S,K417N,N440K,V445H,G446S,N450D,L452W,L455S,N460K,S477N,T478K,N481K,Δ483,E484K,F486P,Q498R,N501Y,Y505H,D614G",1.0,0.8492793440818787
20,WT,COV2-2196,1,,0.0,0.0011973303044214845
21,B.1.1.7,COV2-2196,1,"Δ69,Δ70,Δ144,N501Y,A570D,P681H,T716I,S982A,D1118H",0.0,0.0017479279777035117
22,B.1.351,COV2-2196,1,"L18F,D80A,D215G,R246I,K417N,E484K,N501Y,D614G,A701V",0.0,0.08556528389453888
23,P.1,COV2-2196,1,"L18F,T20N,P26S,D138Y,R190S,H655Y,T1027I,V1176F,K417T,E484K,N501Y,D614G",0.0,0.07431244850158691
24,B.1.617,COV2-2196,1,"T19R,G142D,Δ156,Δ157,R158G,L452R,T478K,D614G,P681R,D950N",0.0,0.0018985304050147533
25,B.1.429,COV2-2196,1,"S13I,W152C,L452R,D614G",0.0,0.0007317048730328679
26,BA.1.1,COV2-2196,1,"T19I,Δ24,Δ25,Δ26,A27S,V83A,G142D,Δ144,H146Q,Q183E,V213E,G252V,R346K,G339D,S373P,S375F,K417N,G446S,N440K,S477N,T478K,E484A,Q493R,Q498R,N501Y,Y505H,D614G,H655Y,N679K,P681H",0.0,0.04587054252624512
27,BA.2,COV2-2196,1,"G142D,Δ144,H146Q,N211I,G252V,G339D,S371L,S373P,S375F,T376A,D405N,R408S,K417N,N440K,S477N,T478K,E484A,Q493R,Q498R,N501Y,Y505H,D614G,N679K,P681H,N764K,D796Y,N856K,Q954H,N969K,L981F",0.0,0.14677490293979645
28,XBB.1.5,COV2-2196,0,"T19I,Δ24,Δ25,Δ26,A27S,V83A,G142D,Δ144,H146Q,Q183E,V213E,G252V,G339H,R346T,L368I,S371F,S373P,S375F,T376A,D405N,R408S,K417N,N440K,V445P,G446S,N460K,S477N,T478K,E484A,F486P,F490S,Q498R,N501Y,Y505H,D614G,H655Y,N679K,P681H",1.0,0.7238854765892029
29,JN.1,COV2-2196,0,"T19I,R21T,Δ24,Δ25,Δ26,A27S,S50L,Δ69,Δ70,V127F,G142D,Δ144,F157S,R158G,Δ211,L212I,V213G,L216F,H245N,A264D,I332V,G339H,K356T,S371F,S373P,S375F,T376A,R403K,D405N,R408S,K417N,N440K,V445H,G446S,N450D,L452W,L455S,N460K,S477N,T478K,N481K,Δ483,E484K,F486P,Q498R,N501Y,Y505H,D614G",1.0,0.9994338154792786
30,WT,AZD1061,1,,0.0,0.00020006611885037273
31,B.1.1.7,AZD1061,1,"Δ69,Δ70,Δ144,N501Y,A570D,P681H,T716I,S982A,D1118H",0.0,0.0002105621824739501
32,B.1.351,AZD1061,1,"L18F,D80A,D215G,R246I,K417N,E484K,N501Y,D614G,A701V",0.0,0.0012526207137852907
33,P.1,AZD1061,1,"L18F,T20N,P26S,D138Y,R190S,H655Y,T1027I,V1176F,K417T,E484K,N501Y,D614G",0.0,0.0005754447774961591
34,B.1.617,AZD1061,1,"T19R,G142D,Δ156,Δ157,R158G,L452R,T478K,D614G,P681R,D950N",0.0,0.013775688596069813
35,B.1.429,AZD1061,1,"S13I,W152C,L452R,D614G",0.0,0.005639319773763418
36,BA.1.1,AZD1061,0,"T19I,Δ24,Δ25,Δ26,A27S,V83A,G142D,Δ144,H146Q,Q183E,V213E,G252V,R346K,G339D,S373P,S375F,K417N,G446S,N440K,S477N,T478K,E484A,Q493R,Q498R,N501Y,Y505H,D614G,H655Y,N679K,P681H",1.0,0.778083860874176
37,BA.2,AZD1061,0,"G142D,Δ144,H146Q,N211I,G252V,G339D,S371L,S373P,S375F,T376A,D405N,R408S,K417N,N440K,S477N,T478K,E484A,Q493R,Q498R,N501Y,Y505H,D614G,N679K,P681H,N764K,D796Y,N856K,Q954H,N969K,L981F",1.0,0.8811807632446289
38,XBB.1.5,AZD1061,0,"T19I,Δ24,Δ25,Δ26,A27S,V83A,G142D,Δ144,H146Q,Q183E,V213E,G252V,G339H,R346T,L368I,S371F,S373P,S375F,T376A,D405N,R408S,K417N,N440K,V445P,G446S,N460K,S477N,T478K,E484A,F486P,F490S,Q498R,N501Y,Y505H,D614G,H655Y,N679K,P681H",1.0,0.9999971389770508
39,JN.1,AZD1061,0,"T19I,R21T,Δ24,Δ25,Δ26,A27S,S50L,Δ69,Δ70,V127F,G142D,Δ144,F157S,R158G,Δ211,L212I,V213G,L216F,H245N,A264D,I332V,G339H,K356T,S371F,S373P,S375F,T376A,R403K,D405N,R408S,K417N,N440K,V445H,G446S,N450D,L452W,L455S,N460K,S477N,T478K,N481K,Δ483,E484K,F486P,Q498R,N501Y,Y505H,D614G",1.0,0.9677519202232361
40,WT,LY-CoV016,1,,0.0,0.01585572212934494
41,B.1.1.7,LY-CoV016,1,"Δ69,Δ70,Δ144,N501Y,A570D,P681H,T716I,S982A,D1118H",0.0,0.03189936280250549
42,B.1.351,LY-CoV016,0,"L18F,D80A,D215G,R246I,K417N,E484K,N501Y,D614G,A701V",1.0,0.9788950681686401
43,P.1,LY-CoV016,0,"L18F,T20N,P26S,D138Y,R190S,H655Y,T1027I,V1176F,K417T,E484K,N501Y,D614G",1.0,0.9854741096496582
44,B.1.617,LY-CoV016,1,"T19R,G142D,Δ156,Δ157,R158G,L452R,T478K,D614G,P681R,D950N",0.0,0.06484045088291168
45,B.1.429,LY-CoV016,1,"S13I,W152C,L452R,D614G",0.0,0.05968810245394707
46,BA.1.1,LY-CoV016,0,"T19I,Δ24,Δ25,Δ26,A27S,V83A,G142D,Δ144,H146Q,Q183E,V213E,G252V,R346K,G339D,S373P,S375F,K417N,G446S,N440K,S477N,T478K,E484A,Q493R,Q498R,N501Y,Y505H,D614G,H655Y,N679K,P681H",1.0,0.9957660436630249
47,BA.2,LY-CoV016,0,"G142D,Δ144,H146Q,N211I,G252V,G339D,S371L,S373P,S375F,T376A,D405N,R408S,K417N,N440K,S477N,T478K,E484A,Q493R,Q498R,N501Y,Y505H,D614G,N679K,P681H,N764K,D796Y,N856K,Q954H,N969K,L981F",1.0,0.9994077682495117
48,XBB.1.5,LY-CoV016,0,"T19I,Δ24,Δ25,Δ26,A27S,V83A,G142D,Δ144,H146Q,Q183E,V213E,G252V,G339H,R346T,L368I,S371F,S373P,S375F,T376A,D405N,R408S,K417N,N440K,V445P,G446S,N460K,S477N,T478K,E484A,F486P,F490S,Q498R,N501Y,Y505H,D614G,H655Y,N679K,P681H",1.0,0.9997696280479431
49,JN.1,LY-CoV016,0,"T19I,R21T,Δ24,Δ25,Δ26,A27S,S50L,Δ69,Δ70,V127F,G142D,Δ144,F157S,R158G,Δ211,L212I,V213G,L216F,H245N,A264D,I332V,G339H,K356T,S371F,S373P,S375F,T376A,R403K,D405N,R408S,K417N,N440K,V445H,G446S,N450D,L452W,L455S,N460K,S477N,T478K,N481K,Δ483,E484K,F486P,Q498R,N501Y,Y505H,D614G",1.0,1.0
50,WT,LY-CoV555,1,,0.0,0.0008723538485355675
51,B.1.1.7,LY-CoV555,1,"Δ69,Δ70,Δ144,N501Y,A570D,P681H,T716I,S982A,D1118H",0.0,0.001680209650658071
52,B.1.351,LY-CoV555,0,"L18F,D80A,D215G,R246I,K417N,E484K,N501Y,D614G,A701V",1.0,0.9766634106636047
53,P.1,LY-CoV555,0,"L18F,T20N,P26S,D138Y,R190S,H655Y,T1027I,V1176F,K417T,E484K,N501Y,D614G",1.0,0.9737839102745056
54,B.1.617,LY-CoV555,0,"T19R,G142D,Δ156,Δ157,R158G,L452R,T478K,D614G,P681R,D950N",1.0,0.8962934017181396
55,B.1.429,LY-CoV555,0,"S13I,W152C,L452R,D614G",1.0,0.9119935631752014
56,BA.1.1,LY-CoV555,0,"T19I,Δ24,Δ25,Δ26,A27S,V83A,G142D,Δ144,H146Q,Q183E,V213E,G252V,R346K,G339D,S373P,S375F,K417N,G446S,N440K,S477N,T478K,E484A,Q493R,Q498R,N501Y,Y505H,D614G,H655Y,N679K,P681H",1.0,0.9899489879608154
57,BA.2,LY-CoV555,0,"G142D,Δ144,H146Q,N211I,G252V,G339D,S371L,S373P,S375F,T376A,D405N,R408S,K417N,N440K,S477N,T478K,E484A,Q493R,Q498R,N501Y,Y505H,D614G,N679K,P681H,N764K,D796Y,N856K,Q954H,N969K,L981F",1.0,0.993614912033081
58,XBB.1.5,LY-CoV555,0,"T19I,Δ24,Δ25,Δ26,A27S,V83A,G142D,Δ144,H146Q,Q183E,V213E,G252V,G339H,R346T,L368I,S371F,S373P,S375F,T376A,D405N,R408S,K417N,N440K,V445P,G446S,N460K,S477N,T478K,E484A,F486P,F490S,Q498R,N501Y,Y505H,D614G,H655Y,N679K,P681H",1.0,0.9948634505271912
59,JN.1,LY-CoV555,0,"T19I,R21T,Δ24,Δ25,Δ26,A27S,S50L,Δ69,Δ70,V127F,G142D,Δ144,F157S,R158G,Δ211,L212I,V213G,L216F,H245N,A264D,I332V,G339H,K356T,S371F,S373P,S375F,T376A,R403K,D405N,R408S,K417N,N440K,V445H,G446S,N450D,L452W,L455S,N460K,S477N,T478K,N481K,Δ483,E484K,F486P,Q498R,N501Y,Y505H,D614G",1.0,0.9998475313186646
60,WT,S2D106,1,,0.0,0.0006278994842432439
61,B.1.1.7,S2D106,1,"Δ69,Δ70,Δ144,N501Y,A570D,P681H,T716I,S982A,D1118H",0.0,0.0005479998071677983
62,B.1.351,S2D106,1,"L18F,D80A,D215G,R246I,K417N,E484K,N501Y,D614G,A701V",0.0,0.9507783651351929
63,P.1,S2D106,1,"L18F,T20N,P26S,D138Y,R190S,H655Y,T1027I,V1176F,K417T,E484K,N501Y,D614G",0.0,0.938646137714386
64,B.1.617,S2D106,1,"T19R,G142D,Δ156,Δ157,R158G,L452R,T478K,D614G,P681R,D950N",0.0,0.027219979092478752
65,B.1.429,S2D106,1,"S13I,W152C,L452R,D614G",0.0,0.08495362848043442
66,BA.1.1,S2D106,1,"T19I,Δ24,Δ25,Δ26,A27S,V83A,G142D,Δ144,H146Q,Q183E,V213E,G252V,R346K,G339D,S373P,S375F,K417N,G446S,N440K,S477N,T478K,E484A,Q493R,Q498R,N501Y,Y505H,D614G,H655Y,N679K,P681H",0.0,0.7576157450675964
67,BA.2,S2D106,1,"G142D,Δ144,H146Q,N211I,G252V,G339D,S371L,S373P,S375F,T376A,D405N,R408S,K417N,N440K,S477N,T478K,E484A,Q493R,Q498R,N501Y,Y505H,D614G,N679K,P681H,N764K,D796Y,N856K,Q954H,N969K,L981F",0.0,0.6778092980384827
68,XBB.1.5,S2D106,0,"T19I,Δ24,Δ25,Δ26,A27S,V83A,G142D,Δ144,H146Q,Q183E,V213E,G252V,G339H,R346T,L368I,S371F,S373P,S375F,T376A,D405N,R408S,K417N,N440K,V445P,G446S,N460K,S477N,T478K,E484A,F486P,F490S,Q498R,N501Y,Y505H,D614G,H655Y,N679K,P681H",1.0,0.97567218542099
69,JN.1,S2D106,0,"T19I,R21T,Δ24,Δ25,Δ26,A27S,S50L,Δ69,Δ70,V127F,G142D,Δ144,F157S,R158G,Δ211,L212I,V213G,L216F,H245N,A264D,I332V,G339H,K356T,S371F,S373P,S375F,T376A,R403K,D405N,R408S,K417N,N440K,V445H,G446S,N450D,L452W,L455S,N460K,S477N,T478K,N481K,Δ483,E484K,F486P,Q498R,N501Y,Y505H,D614G",1.0,0.9999719858169556
70,WT,S2E12,1,,0.0,0.01704496517777443
71,B.1.1.7,S2E12,1,"Δ69,Δ70,Δ144,N501Y,A570D,P681H,T716I,S982A,D1118H",0.0,0.017048008739948273
72,B.1.351,S2E12,1,"L18F,D80A,D215G,R246I,K417N,E484K,N501Y,D614G,A701V",0.0,0.2662220001220703
73,P.1,S2E12,1,"L18F,T20N,P26S,D138Y,R190S,H655Y,T1027I,V1176F,K417T,E484K,N501Y,D614G",0.0,0.21912898123264313
74,B.1.617,S2E12,1,"T19R,G142D,Δ156,Δ157,R158G,L452R,T478K,D614G,P681R,D950N",0.0,0.017691131681203842
75,B.1.429,S2E12,1,"S13I,W152C,L452R,D614G",0.0,0.027625717222690582
76,BA.1.1,S2E12,1,"T19I,Δ24,Δ25,Δ26,A27S,V83A,G142D,Δ144,H146Q,Q183E,V213E,G252V,R346K,G339D,S373P,S375F,K417N,G446S,N440K,S477N,T478K,E484A,Q493R,Q498R,N501Y,Y505H,D614G,H655Y,N679K,P681H",0.0,0.7277816534042358
77,BA.2,S2E12,1,"G142D,Δ144,H146Q,N211I,G252V,G339D,S371L,S373P,S375F,T376A,D405N,R408S,K417N,N440K,S477N,T478K,E484A,Q493R,Q498R,N501Y,Y505H,D614G,N679K,P681H,N764K,D796Y,N856K,Q954H,N969K,L981F",0.0,0.7646187543869019
78,XBB.1.5,S2E12,0,"T19I,Δ24,Δ25,Δ26,A27S,V83A,G142D,Δ144,H146Q,Q183E,V213E,G252V,G339H,R346T,L368I,S371F,S373P,S375F,T376A,D405N,R408S,K417N,N440K,V445P,G446S,N460K,S477N,T478K,E484A,F486P,F490S,Q498R,N501Y,Y505H,D614G,H655Y,N679K,P681H",1.0,0.9957178235054016
79,JN.1,S2E12,0,"T19I,R21T,Δ24,Δ25,Δ26,A27S,S50L,Δ69,Δ70,V127F,G142D,Δ144,F157S,R158G,Δ211,L212I,V213G,L216F,H245N,A264D,I332V,G339H,K356T,S371F,S373P,S375F,T376A,R403K,D405N,R408S,K417N,N440K,V445H,G446S,N450D,L452W,L455S,N460K,S477N,T478K,N481K,Δ483,E484K,F486P,Q498R,N501Y,Y505H,D614G",1.0,0.999998927116394
80,WT,S2H97,1,,0.0,0.0463269017636776
81,B.1.1.7,S2H97,1,"Δ69,Δ70,Δ144,N501Y,A570D,P681H,T716I,S982A,D1118H",0.0,0.04034886509180069
82,B.1.351,S2H97,1,"L18F,D80A,D215G,R246I,K417N,E484K,N501Y,D614G,A701V",0.0,0.06726012378931046
83,P.1,S2H97,1,"L18F,T20N,P26S,D138Y,R190S,H655Y,T1027I,V1176F,K417T,E484K,N501Y,D614G",0.0,0.07531388103961945
84,B.1.617,S2H97,1,"T19R,G142D,Δ156,Δ157,R158G,L452R,T478K,D614G,P681R,D950N",0.0,0.010484865866601467
85,B.1.429,S2H97,1,"S13I,W152C,L452R,D614G",0.0,0.019501546397805214
86,BA.1.1,S2H97,1,"T19I,Δ24,Δ25,Δ26,A27S,V83A,G142D,Δ144,H146Q,Q183E,V213E,G252V,R346K,G339D,S373P,S375F,K417N,G446S,N440K,S477N,T478K,E484A,Q493R,Q498R,N501Y,Y505H,D614G,H655Y,N679K,P681H",0.0,0.12558145821094513
87,BA.2,S2H97,0,"G142D,Δ144,H146Q,N211I,G252V,G339D,S371L,S373P,S375F,T376A,D405N,R408S,K417N,N440K,S477N,T478K,E484A,Q493R,Q498R,N501Y,Y505H,D614G,N679K,P681H,N764K,D796Y,N856K,Q954H,N969K,L981F",1.0,0.05669265612959862
88,XBB.1.5,S2H97,0,"T19I,Δ24,Δ25,Δ26,A27S,V83A,G142D,Δ144,H146Q,Q183E,V213E,G252V,G339H,R346T,L368I,S371F,S373P,S375F,T376A,D405N,R408S,K417N,N440K,V445P,G446S,N460K,S477N,T478K,E484A,F486P,F490S,Q498R,N501Y,Y505H,D614G,H655Y,N679K,P681H",1.0,0.05924169719219208
89,JN.1,S2H97,0,"T19I,R21T,Δ24,Δ25,Δ26,A27S,S50L,Δ69,Δ70,V127F,G142D,Δ144,F157S,R158G,Δ211,L212I,V213G,L216F,H245N,A264D,I332V,G339H,K356T,S371F,S373P,S375F,T376A,R403K,D405N,R408S,K417N,N440K,V445H,G446S,N450D,L452W,L455S,N460K,S477N,T478K,N481K,Δ483,E484K,F486P,Q498R,N501Y,Y505H,D614G",1.0,0.6252128481864929
90,WT,S2X259,1,,0.0,0.0037306337617337704
91,B.1.1.7,S2X259,1,"Δ69,Δ70,Δ144,N501Y,A570D,P681H,T716I,S982A,D1118H",0.0,0.004740340169519186
92,B.1.351,S2X259,1,"L18F,D80A,D215G,R246I,K417N,E484K,N501Y,D614G,A701V",0.0,0.005246435757726431
93,P.1,S2X259,1,"L18F,T20N,P26S,D138Y,R190S,H655Y,T1027I,V1176F,K417T,E484K,N501Y,D614G",0.0,0.004840516950935125
94,B.1.617,S2X259,1,"T19R,G142D,Δ156,Δ157,R158G,L452R,T478K,D614G,P681R,D950N",0.0,0.001329825259745121
95,B.1.429,S2X259,1,"S13I,W152C,L452R,D614G",0.0,0.0012948099756613374
96,BA.1.1,S2X259,0,"T19I,Δ24,Δ25,Δ26,A27S,V83A,G142D,Δ144,H146Q,Q183E,V213E,G252V,R346K,G339D,S373P,S375F,K417N,G446S,N440K,S477N,T478K,E484A,Q493R,Q498R,N501Y,Y505H,D614G,H655Y,N679K,P681H",1.0,0.24980369210243225
97,BA.2,S2X259,0,"G142D,Δ144,H146Q,N211I,G252V,G339D,S371L,S373P,S375F,T376A,D405N,R408S,K417N,N440K,S477N,T478K,E484A,Q493R,Q498R,N501Y,Y505H,D614G,N679K,P681H,N764K,D796Y,N856K,Q954H,N969K,L981F",1.0,0.9991772770881653
98,XBB.1.5,S2X259,0,"T19I,Δ24,Δ25,Δ26,A27S,V83A,G142D,Δ144,H146Q,Q183E,V213E,G252V,G339H,R346T,L368I,S371F,S373P,S375F,T376A,D405N,R408S,K417N,N440K,V445P,G446S,N460K,S477N,T478K,E484A,F486P,F490S,Q498R,N501Y,Y505H,D614G,H655Y,N679K,P681H",1.0,0.996439516544342
99,JN.1,S2X259,0,"T19I,R21T,Δ24,Δ25,Δ26,A27S,S50L,Δ69,Δ70,V127F,G142D,Δ144,F157S,R158G,Δ211,L212I,V213G,L216F,H245N,A264D,I332V,G339H,K356T,S371F,S373P,S375F,T376A,R403K,D405N,R408S,K417N,N440K,V445H,G446S,N450D,L452W,L455S,N460K,S477N,T478K,N481K,Δ483,E484K,F486P,Q498R,N501Y,Y505H,D614G",1.0,0.9999864101409912
100,WT,C002,1,,0.0,0.009675519540905952
101,B.1.1.7,C002,0,"Δ69,Δ70,Δ144,N501Y,A570D,P681H,T716I,S982A,D1118H",1.0,0.039829593151807785
102,B.1.351,C002,0,"L18F,D80A,D215G,R246I,K417N,E484K,N501Y,D614G,A701V",1.0,0.9716543555259705
103,P.1,C002,0,"L18F,T20N,P26S,D138Y,R190S,H655Y,T1027I,V1176F,K417T,E484K,N501Y,D614G",1.0,0.9692918062210083
104,B.1.617,C002,0,"T19R,G142D,Δ156,Δ157,R158G,L452R,T478K,D614G,P681R,D950N",1.0,0.8041497468948364
105,B.1.429,C002,0,"S13I,W152C,L452R,D614G",1.0,0.8893791437149048
106,BA.1.1,C002,0,"T19I,Δ24,Δ25,Δ26,A27S,V83A,G142D,Δ144,H146Q,Q183E,V213E,G252V,R346K,G339D,S373P,S375F,K417N,G446S,N440K,S477N,T478K,E484A,Q493R,Q498R,N501Y,Y505H,D614G,H655Y,N679K,P681H",1.0,0.9974076151847839
107,BA.2,C002,0,"G142D,Δ144,H146Q,N211I,G252V,G339D,S371L,S373P,S375F,T376A,D405N,R408S,K417N,N440K,S477N,T478K,E484A,Q493R,Q498R,N501Y,Y505H,D614G,N679K,P681H,N764K,D796Y,N856K,Q954H,N969K,L981F",1.0,0.9979389309883118
108,XBB.1.5,C002,0,"T19I,Δ24,Δ25,Δ26,A27S,V83A,G142D,Δ144,H146Q,Q183E,V213E,G252V,G339H,R346T,L368I,S371F,S373P,S375F,T376A,D405N,R408S,K417N,N440K,V445P,G446S,N460K,S477N,T478K,E484A,F486P,F490S,Q498R,N501Y,Y505H,D614G,H655Y,N679K,P681H",1.0,0.978093683719635
109,JN.1,C002,0,"T19I,R21T,Δ24,Δ25,Δ26,A27S,S50L,Δ69,Δ70,V127F,G142D,Δ144,F157S,R158G,Δ211,L212I,V213G,L216F,H245N,A264D,I332V,G339H,K356T,S371F,S373P,S375F,T376A,R403K,D405N,R408S,K417N,N440K,V445H,G446S,N450D,L452W,L455S,N460K,S477N,T478K,N481K,Δ483,E484K,F486P,Q498R,N501Y,Y505H,D614G",1.0,0.9999678134918213
110,WT,C110,1,,0.0,0.008880659937858582
111,B.1.1.7,C110,1,"Δ69,Δ70,Δ144,N501Y,A570D,P681H,T716I,S982A,D1118H",0.0,0.010931464843451977
112,B.1.351,C110,0,"L18F,D80A,D215G,R246I,K417N,E484K,N501Y,D614G,A701V",1.0,0.018050918355584145
113,P.1,C110,0,"L18F,T20N,P26S,D138Y,R190S,H655Y,T1027I,V1176F,K417T,E484K,N501Y,D614G",1.0,0.01875566504895687
114,B.1.617,C110,1,"T19R,G142D,Δ156,Δ157,R158G,L452R,T478K,D614G,P681R,D950N",0.0,0.9798685908317566
115,B.1.429,C110,1,"S13I,W152C,L452R,D614G",0.0,0.9877392649650574
116,BA.1.1,C110,0,"T19I,Δ24,Δ25,Δ26,A27S,V83A,G142D,Δ144,H146Q,Q183E,V213E,G252V,R346K,G339D,S373P,S375F,K417N,G446S,N440K,S477N,T478K,E484A,Q493R,Q498R,N501Y,Y505H,D614G,H655Y,N679K,P681H",1.0,0.8600965738296509
117,BA.2,C110,0,"G142D,Δ144,H146Q,N211I,G252V,G339D,S371L,S373P,S375F,T376A,D405N,R408S,K417N,N440K,S477N,T478K,E484A,Q493R,Q498R,N501Y,Y505H,D614G,N679K,P681H,N764K,D796Y,N856K,Q954H,N969K,L981F",1.0,0.8436771035194397
118,XBB.1.5,C110,0,"T19I,Δ24,Δ25,Δ26,A27S,V83A,G142D,Δ144,H146Q,Q183E,V213E,G252V,G339H,R346T,L368I,S371F,S373P,S375F,T376A,D405N,R408S,K417N,N440K,V445P,G446S,N460K,S477N,T478K,E484A,F486P,F490S,Q498R,N501Y,Y505H,D614G,H655Y,N679K,P681H",1.0,0.9545857906341553
119,JN.1,C110,0,"T19I,R21T,Δ24,Δ25,Δ26,A27S,S50L,Δ69,Δ70,V127F,G142D,Δ144,F157S,R158G,Δ211,L212I,V213G,L216F,H245N,A264D,I332V,G339H,K356T,S371F,S373P,S375F,T376A,R403K,D405N,R408S,K417N,N440K,V445H,G446S,N450D,L452W,L455S,N460K,S477N,T478K,N481K,Δ483,E484K,F486P,Q498R,N501Y,Y505H,D614G",1.0,0.999882698059082
120,WT,C135,1,,0.0,0.008985721506178379
121,B.1.1.7,C135,1,"Δ69,Δ70,Δ144,N501Y,A570D,P681H,T716I,S982A,D1118H",0.0,0.006711227353662252
122,B.1.351,C135,1,"L18F,D80A,D215G,R246I,K417N,E484K,N501Y,D614G,A701V",0.0,0.008231215178966522
123,P.1,C135,1,"L18F,T20N,P26S,D138Y,R190S,H655Y,T1027I,V1176F,K417T,E484K,N501Y,D614G",0.0,0.007921881973743439
124,B.1.617,C135,1,"T19R,G142D,Δ156,Δ157,R158G,L452R,T478K,D614G,P681R,D950N",0.0,0.041809678077697754
125,B.1.429,C135,0,"S13I,W152C,L452R,D614G",1.0,0.1217079684138298
126,BA.1.1,C135,0,"T19I,Δ24,Δ25,Δ26,A27S,V83A,G142D,Δ144,H146Q,Q183E,V213E,G252V,R346K,G339D,S373P,S375F,K417N,G446S,N440K,S477N,T478K,E484A,Q493R,Q498R,N501Y,Y505H,D614G,H655Y,N679K,P681H",1.0,0.8818315863609314
127,BA.2,C135,0,"G142D,Δ144,H146Q,N211I,G252V,G339D,S371L,S373P,S375F,T376A,D405N,R408S,K417N,N440K,S477N,T478K,E484A,Q493R,Q498R,N501Y,Y505H,D614G,N679K,P681H,N764K,D796Y,N856K,Q954H,N969K,L981F",1.0,0.8255164623260498
128,XBB.1.5,C135,0,"T19I,Δ24,Δ25,Δ26,A27S,V83A,G142D,Δ144,H146Q,Q183E,V213E,G252V,G339H,R346T,L368I,S371F,S373P,S375F,T376A,D405N,R408S,K417N,N440K,V445P,G446S,N460K,S477N,T478K,E484A,F486P,F490S,Q498R,N501Y,Y505H,D614G,H655Y,N679K,P681H",1.0,0.9565603733062744
129,JN.1,C135,0,"T19I,R21T,Δ24,Δ25,Δ26,A27S,S50L,Δ69,Δ70,V127F,G142D,Δ144,F157S,R158G,Δ211,L212I,V213G,L216F,H245N,A264D,I332V,G339H,K356T,S371F,S373P,S375F,T376A,R403K,D405N,R408S,K417N,N440K,V445H,G446S,N450D,L452W,L455S,N460K,S477N,T478K,N481K,Δ483,E484K,F486P,Q498R,N501Y,Y505H,D614G",1.0,0.9548299312591553
130,WT,C144,1,,0.0,0.006673595402389765
131,B.1.1.7,C144,1,"Δ69,Δ70,Δ144,N501Y,A570D,P681H,T716I,S982A,D1118H",0.0,0.007645096629858017
132,B.1.351,C144,0,"L18F,D80A,D215G,R246I,K417N,E484K,N501Y,D614G,A701V",1.0,0.9381676316261292
133,P.1,C144,0,"L18F,T20N,P26S,D138Y,R190S,H655Y,T1027I,V1176F,K417T,E484K,N501Y,D614G",1.0,0.935645580291748
134,B.1.617,C144,1,"T19R,G142D,Δ156,Δ157,R158G,L452R,T478K,D614G,P681R,D950N",0.0,0.234012633562088
135,B.1.429,C144,0,"S13I,W152C,L452R,D614G",1.0,0.2841436564922333
136,BA.1.1,C144,0,"T19I,Δ24,Δ25,Δ26,A27S,V83A,G142D,Δ144,H146Q,Q183E,V213E,G252V,R346K,G339D,S373P,S375F,K417N,G446S,N440K,S477N,T478K,E484A,Q493R,Q498R,N501Y,Y505H,D614G,H655Y,N679K,P681H",1.0,0.9953292608261108
137,BA.2,C144,0,"G142D,Δ144,H146Q,N211I,G252V,G339D,S371L,S373P,S375F,T376A,D405N,R408S,K417N,N440K,S477N,T478K,E484A,Q493R,Q498R,N501Y,Y505H,D614G,N679K,P681H,N764K,D796Y,N856K,Q954H,N969K,L981F",1.0,0.9971586465835571
138,XBB.1.5,C144,0,"T19I,Δ24,Δ25,Δ26,A27S,V83A,G142D,Δ144,H146Q,Q183E,V213E,G252V,G339H,R346T,L368I,S371F,S373P,S375F,T376A,D405N,R408S,K417N,N440K,V445P,G446S,N460K,S477N,T478K,E484A,F486P,F490S,Q498R,N501Y,Y505H,D614G,H655Y,N679K,P681H",1.0,0.969743013381958
139,JN.1,C144,0,"T19I,R21T,Δ24,Δ25,Δ26,A27S,S50L,Δ69,Δ70,V127F,G142D,Δ144,F157S,R158G,Δ211,L212I,V213G,L216F,H245N,A264D,I332V,G339H,K356T,S371F,S373P,S375F,T376A,R403K,D405N,R408S,K417N,N440K,V445H,G446S,N450D,L452W,L455S,N460K,S477N,T478K,N481K,Δ483,E484K,F486P,Q498R,N501Y,Y505H,D614G",1.0,0.9999992847442627
140,WT,47D11,1,,0.0,0.03623470664024353
141,B.1.1.7,47D11,1,"Δ69,Δ70,Δ144,N501Y,A570D,P681H,T716I,S982A,D1118H",0.0,0.10284256190061569
142,B.1.351,47D11,1,"L18F,D80A,D215G,R246I,K417N,E484K,N501Y,D614G,A701V",0.0,0.22466157376766205
143,P.1,47D11,1,"L18F,T20N,P26S,D138Y,R190S,H655Y,T1027I,V1176F,K417T,E484K,N501Y,D614G",0.0,0.16710692644119263
144,B.1.617,47D11,1,"T19R,G142D,Δ156,Δ157,R158G,L452R,T478K,D614G,P681R,D950N",0.0,0.10108426958322525
145,B.1.429,47D11,1,"S13I,W152C,L452R,D614G",0.0,0.10368634760379791
146,BA.1.1,47D11,0,"T19I,Δ24,Δ25,Δ26,A27S,V83A,G142D,Δ144,H146Q,Q183E,V213E,G252V,R346K,G339D,S373P,S375F,K417N,G446S,N440K,S477N,T478K,E484A,Q493R,Q498R,N501Y,Y505H,D614G,H655Y,N679K,P681H",1.0,0.8298317193984985
147,BA.2,47D11,0,"G142D,Δ144,H146Q,N211I,G252V,G339D,S371L,S373P,S375F,T376A,D405N,R408S,K417N,N440K,S477N,T478K,E484A,Q493R,Q498R,N501Y,Y505H,D614G,N679K,P681H,N764K,D796Y,N856K,Q954H,N969K,L981F",1.0,0.7878470420837402
148,XBB.1.5,47D11,0,"T19I,Δ24,Δ25,Δ26,A27S,V83A,G142D,Δ144,H146Q,Q183E,V213E,G252V,G339H,R346T,L368I,S371F,S373P,S375F,T376A,D405N,R408S,K417N,N440K,V445P,G446S,N460K,S477N,T478K,E484A,F486P,F490S,Q498R,N501Y,Y505H,D614G,H655Y,N679K,P681H",1.0,0.8665136694908142
149,JN.1,47D11,0,"T19I,R21T,Δ24,Δ25,Δ26,A27S,S50L,Δ69,Δ70,V127F,G142D,Δ144,F157S,R158G,Δ211,L212I,V213G,L216F,H245N,A264D,I332V,G339H,K356T,S371F,S373P,S375F,T376A,R403K,D405N,R408S,K417N,N440K,V445H,G446S,N450D,L452W,L455S,N460K,S477N,T478K,N481K,Δ483,E484K,F486P,Q498R,N501Y,Y505H,D614G",1.0,0.9214181900024414
150,WT,BRII-196,1,,0.0,0.023824075236916542
151,B.1.1.7,BRII-196,1,"Δ69,Δ70,Δ144,N501Y,A570D,P681H,T716I,S982A,D1118H",0.0,0.019649729132652283
152,B.1.351,BRII-196,1,"L18F,D80A,D215G,R246I,K417N,E484K,N501Y,D614G,A701V",0.0,0.999114453792572
153,P.1,BRII-196,1,"L18F,T20N,P26S,D138Y,R190S,H655Y,T1027I,V1176F,K417T,E484K,N501Y,D614G",0.0,0.9987837672233582
154,B.1.617,BRII-196,1,"T19R,G142D,Δ156,Δ157,R158G,L452R,T478K,D614G,P681R,D950N",0.0,0.013893844559788704
155,B.1.429,BRII-196,1,"S13I,W152C,L452R,D614G",0.0,0.014252140186727047
156,BA.1.1,BRII-196,1,"T19I,Δ24,Δ25,Δ26,A27S,V83A,G142D,Δ144,H146Q,Q183E,V213E,G252V,R346K,G339D,S373P,S375F,K417N,G446S,N440K,S477N,T478K,E484A,Q493R,Q498R,N501Y,Y505H,D614G,H655Y,N679K,P681H",0.0,0.9988712668418884
157,BA.2,BRII-196,1,"G142D,Δ144,H146Q,N211I,G252V,G339D,S371L,S373P,S375F,T376A,D405N,R408S,K417N,N440K,S477N,T478K,E484A,Q493R,Q498R,N501Y,Y505H,D614G,N679K,P681H,N764K,D796Y,N856K,Q954H,N969K,L981F",0.0,0.9997959733009338
158,XBB.1.5,BRII-196,0,"T19I,Δ24,Δ25,Δ26,A27S,V83A,G142D,Δ144,H146Q,Q183E,V213E,G252V,G339H,R346T,L368I,S371F,S373P,S375F,T376A,D405N,R408S,K417N,N440K,V445P,G446S,N460K,S477N,T478K,E484A,F486P,F490S,Q498R,N501Y,Y505H,D614G,H655Y,N679K,P681H",1.0,0.99993896484375
159,JN.1,BRII-196,0,"T19I,R21T,Δ24,Δ25,Δ26,A27S,S50L,Δ69,Δ70,V127F,G142D,Δ144,F157S,R158G,Δ211,L212I,V213G,L216F,H245N,A264D,I332V,G339H,K356T,S371F,S373P,S375F,T376A,R403K,D405N,R408S,K417N,N440K,V445H,G446S,N450D,L452W,L455S,N460K,S477N,T478K,N481K,Δ483,E484K,F486P,Q498R,N501Y,Y505H,D614G",1.0,1.0
160,WT,ADG-2,1,,0.0,0.03411633148789406
161,B.1.1.7,ADG-2,1,"Δ69,Δ70,Δ144,N501Y,A570D,P681H,T716I,S982A,D1118H",0.0,0.07018513232469559
162,B.1.351,ADG-2,1,"L18F,D80A,D215G,R246I,K417N,E484K,N501Y,D614G,A701V",0.0,0.10121525824069977
163,P.1,ADG-2,1,"L18F,T20N,P26S,D138Y,R190S,H655Y,T1027I,V1176F,K417T,E484K,N501Y,D614G",0.0,0.06608717888593674
164,B.1.617,ADG-2,1,"T19R,G142D,Δ156,Δ157,R158G,L452R,T478K,D614G,P681R,D950N",0.0,0.007201475091278553
165,B.1.429,ADG-2,1,"S13I,W152C,L452R,D614G",0.0,0.008670025505125523
166,BA.1.1,ADG-2,1,"T19I,Δ24,Δ25,Δ26,A27S,V83A,G142D,Δ144,H146Q,Q183E,V213E,G252V,R346K,G339D,S373P,S375F,K417N,G446S,N440K,S477N,T478K,E484A,Q493R,Q498R,N501Y,Y505H,D614G,H655Y,N679K,P681H",0.0,0.934141993522644
167,BA.2,ADG-2,0,"G142D,Δ144,H146Q,N211I,G252V,G339D,S371L,S373P,S375F,T376A,D405N,R408S,K417N,N440K,S477N,T478K,E484A,Q493R,Q498R,N501Y,Y505H,D614G,N679K,P681H,N764K,D796Y,N856K,Q954H,N969K,L981F",1.0,0.9982776641845703
168,XBB.1.5,ADG-2,0,"T19I,Δ24,Δ25,Δ26,A27S,V83A,G142D,Δ144,H146Q,Q183E,V213E,G252V,G339H,R346T,L368I,S371F,S373P,S375F,T376A,D405N,R408S,K417N,N440K,V445P,G446S,N460K,S477N,T478K,E484A,F486P,F490S,Q498R,N501Y,Y505H,D614G,H655Y,N679K,P681H",1.0,0.9928102493286133
169,JN.1,ADG-2,0,"T19I,R21T,Δ24,Δ25,Δ26,A27S,S50L,Δ69,Δ70,V127F,G142D,Δ144,F157S,R158G,Δ211,L212I,V213G,L216F,H245N,A264D,I332V,G339H,K356T,S371F,S373P,S375F,T376A,R403K,D405N,R408S,K417N,N440K,V445H,G446S,N450D,L452W,L455S,N460K,S477N,T478K,N481K,Δ483,E484K,F486P,Q498R,N501Y,Y505H,D614G",1.0,0.9999856948852539
170,WT,BD-604,1,,0.0,0.000548622221685946
171,B.1.1.7,BD-604,1,"Δ69,Δ70,Δ144,N501Y,A570D,P681H,T716I,S982A,D1118H",0.0,0.0041811359114944935
172,B.1.351,BD-604,1,"L18F,D80A,D215G,R246I,K417N,E484K,N501Y,D614G,A701V",0.0,0.9921141862869263
173,P.1,BD-604,1,"L18F,T20N,P26S,D138Y,R190S,H655Y,T1027I,V1176F,K417T,E484K,N501Y,D614G",0.0,0.9922383427619934
174,B.1.617,BD-604,1,"T19R,G142D,Δ156,Δ157,R158G,L452R,T478K,D614G,P681R,D950N",0.0,0.017006700858473778
175,B.1.429,BD-604,1,"S13I,W152C,L452R,D614G",0.0,0.009501317515969276
176,BA.1.1,BD-604,1,"T19I,Δ24,Δ25,Δ26,A27S,V83A,G142D,Δ144,H146Q,Q183E,V213E,G252V,R346K,G339D,S373P,S375F,K417N,G446S,N440K,S477N,T478K,E484A,Q493R,Q498R,N501Y,Y505H,D614G,H655Y,N679K,P681H",0.0,0.9999010562896729
177,BA.2,BD-604,1,"G142D,Δ144,H146Q,N211I,G252V,G339D,S371L,S373P,S375F,T376A,D405N,R408S,K417N,N440K,S477N,T478K,E484A,Q493R,Q498R,N501Y,Y505H,D614G,N679K,P681H,N764K,D796Y,N856K,Q954H,N969K,L981F",0.0,0.9999959468841553
178,XBB.1.5,BD-604,0,"T19I,Δ24,Δ25,Δ26,A27S,V83A,G142D,Δ144,H146Q,Q183E,V213E,G252V,G339H,R346T,L368I,S371F,S373P,S375F,T376A,D405N,R408S,K417N,N440K,V445P,G446S,N460K,S477N,T478K,E484A,F486P,F490S,Q498R,N501Y,Y505H,D614G,H655Y,N679K,P681H",1.0,0.9999982118606567
179,JN.1,BD-604,0,"T19I,R21T,Δ24,Δ25,Δ26,A27S,S50L,Δ69,Δ70,V127F,G142D,Δ144,F157S,R158G,Δ211,L212I,V213G,L216F,H245N,A264D,I332V,G339H,K356T,S371F,S373P,S375F,T376A,R403K,D405N,R408S,K417N,N440K,V445H,G446S,N450D,L452W,L455S,N460K,S477N,T478K,N481K,Δ483,E484K,F486P,Q498R,N501Y,Y505H,D614G",1.0,1.0
